부산광역시,강서구,종사자규모별
부산광역시,강서구,산업별
부산광역시,금정구,종사자규모별
부산광역시,금정구,산업별
부산광역시,남구,종사자규모별
부산광역시,남구,산업별
부산광역시,동구,종사자규모별
부산광역시,동구,산업별
부산광역시,동래구,종사자규모별
부산광역시,동래구,산업별
부산광역시,북구,종사자규모별
부산광역시,북구,산업별
부산광역시,사상구,종사자규모별
부산광역시,사상구,산업별
부산광역시,사하구,종사자규모별
부산광역시,사하구,산업별
부산광역시,서구,종사자규모별
부산광역시,서구,산업별
부산광역시,수영구,종사자규모별
부산광역시,수영구,산업별
부산광역시,연제구,종사자규모별
부산광역시,연제구,산업별
부산광역시,영도구,종사자규모별
부산광역시,영도구,산업별
부산광역시,중구,종사자규모별
부산광역시,중구,산업별
부산광역시,부산진구,종사자규모별
부산광역시,부산진구,산업별
부산광역시,해운대구,종사자규모별
부산광역시,해운대구,산업별
부산광역시,기장군,종사자규모별
부산광역시,기장군,산업별
대구광역시,남구,종사자규모별
대구광역시,남구,산업별
대구광역시,달서구,종사자규모별
대구광역시,달서구,산업별
대구광역시,동구,종사자규모별
대구광역시,동구,산업별
대구광역시,북구,종사자규모별
대구광역시,북구,산업별
대구광역시,서구,종사자규모별
대구광역시,서구,산업별
대구광역시,수성구,종사자규모별
대구광역시,수성구,산업별
대구광역시,중구,종사자규모별
대구광역시,중구,산업별
대구광역시,군위군,종사자규모별
대구광역시,군위군,산업별
대구광역시,달성군,종사자규모별
대구광역시,달성군,산업별
인천광역시,계양구,종사자규모별
인천광역시,계양구,산업별
인천광역시,남동구,종사자규모별
인천광역시,남동구,산업별
인천광역시,동구,종사자규모별
인천광역시,동구,산업별
인천광역시,미추홀구,종사자규모별
인천광역시,미추홀구,산업별
인천광역시,부평구,종사자규모별
인천광역시,부평구,산업별
인천광역시,서구,종사자규모별
인천광역시,서구,산업별
인천광역시,연수구,종사자규모별
인천광역시,연수구,산업별
인천광역시,중구,종사자규모별
인천광역시,중구,산업별
인천광역시,강화군,종사자규모별
인천광역시,강화군,산업별
인천광역시,옹진군,종사자규모별
인천광역시,옹진군,산업별
광주광역시,광산구,종사자규모별
광주광역시,광산구,산업별
광주광역시,남구,종사자규모별
광주광역시,남구,산업별
광주광역시,동구,종사자규모별
광주광역시,동구,산업별
광주광역시,북구,종사자규모별
광주광역시,북구,산업별
광주광역시,서구,종사자규모별
광주광역시,서구,산업별
대전광역시,대덕구,종사자규모별
대전광역시,대덕구,산업별
대전광역시,동구,종사자규모별
대전광역시,동구,산업별
대전광역시,서구,종사자규모별
대전광역시,서구,산업별
대전광역시,유성구,종사자규모별
대전광역시,유성구,산업별
대전광역시,중구,종사자규모별
대전광역시,중구,산업별
울산광역시,남구,종사자규모별
울산광역시,남구,산업별
울산광역시,동구,종사자규모별
울산광역시,동구,산업별
울산광역시,북구,종사자규모별
울산광역시,북구,산업별
울산광역시,중구,종사자규모별
울산광역시,중구,산업별
울산광역시,울주군,종사자규모별
울산광역시,울주군,산업별
경기도,고양시,종사자규모별
경기도,고양시,산업별
경기도,과천시,종사자규모별
경기도,과천시,산업별
경기도,광명시,종사자규모별
경기도,광명시,산업별
경기도,광주시,종사자규모별
경기도,광주시,산업별
경기도,구리시,종사자규모별
경기도,구리시,산업별
경기도,군포시,종사자규모별
경기도,군포시,산업별
경기도,김포시,종사자규모별
경기도,김포시,산업별
경기도,남양주시,종사자규모별
경기도,남양주시,산업별
경기도,동두천시,종사자규모별
경기도,동두천시,산업별
경기도,부천시,종사자규모별
경기도,부천시,산업별
경기도,성남시,종사자규모별
경기도,성남시,산업별
경기도,수원시,종사자규모별
경기도,수원시,산업별
경기도,시흥시,종사자규모별
경기도,시흥시,산업별
경기도,안산시,종사자규모별
경기도,안산시,산업별
경기도,안성시,종사자규모별
경기도,안성시,산업별
경기도,안양시,종사자규모별
경기도,안양시,산업별
경기도,양주시,종사자규모별
경기도,양주시,산업별
경기도,여주시,종사자규모별
경기도,여주시,산업별
경기도,오산시,종사자규모별
경기도,오산시,산업별
경기도,용인시,종사자규모별
경기도,용인시,산업별
경기도,의왕시,종사자규모별
경기도,의왕시,산업별
경기도,의정부시,종사자규모별
경기도,의정부시,산업별
경기도,이천시,종사자규모별
경기도,이천시,산업별
경기도,파주시,종사자규모별
경기도,파주시,산업별
경기도,평택시,종사자규모별
경기도,평택시,산업별
경기도,포천시,종사자규모별
경기도,포천시,산업별
경기도,하남시,종사자규모별
경기도,하남시,산업별
경기도,화성시,종사자규모별
경기도,화성시,산업별
경기도,가평군,종사자규모별
경기도,가평군,산업별
경기도,양평군,종사자규모별
경기도,양평군,산업별
경기도,연천군,종사자규모별
경기도,연천군,산업별
강원특별자치도,강릉시,종사자규모별
강원특별자치도,강릉시,산업별
강원특별자치도,동해시,종사자규모별
강원특별자치도,동해시,산업별
강원특별자치도,삼척시,종사자규모별
강원특별자치도,삼척시,산업별
강원특별자치도,속초시,종사자규모별
강원특별자치도,속초시,산업별
강원특별자치도,원주시,종사자규모별
강원특별자치도,원주시,산업별
강원특별자치도,춘천시,종사자규모별
강원특별자치도,춘천시,산업별
강원특별자치도,태백시,종사자규모별
강원특별자치도,태백시,산업별
강원특별자치도,고성군,종사자규모별
강원특별자치도,고성군,산업별
강원특별자치도,양구군,종사자규모별
강원특별자치도,양구군,산업별
강원특별자치도,양양군,종사자규모별
강원특별자치도,양양군,산업별
강원특별자치도,영월군,종사자규모별
강원특별자치도,영월군,산업별
강원특별자치도,인제군,종사자규모별
강원특별자치도,인제군,산업별
강원특별자치도,정선군,종사자규모별
강원특별자치도,정선군,산업별
강원특별자치도,철원군,종사자규모별
강원특별자치도,철원군,산업별
강원특별자치도,평창군,종사자규모별
강원특별자치도,평창군,산업별
강원특별자치도,홍천군,종사자규모별
강원특별자치도,홍천군,산업별
강원특별자치도,화천군,종사자규모별
강원특별자치도,화천군,산업별
강원특별자치도,횡성군,종사자규모별
강원특별자치도,횡성군,산업별
충청북도,제천시,종사자규모별
충청북도,제천시,산업별
충청북도,청주시,종사자규모별
충청북도,청주시,산업별
충청북도,충주시,종사자규모별
충청북도,충주시,산업별
충청북도,괴산군,종사자규모별
충청북도,괴산군,산업별
충청북도,단양군,종사자규모별
충청북도,단양군,산업별
충청북도,보은군,종사자규모별
충청북도,보은군,산업별
충청북도,영동군,종사자규모별
충청북도,영동군,산업별
충청북도,옥천군,종사자규모별
충청북도,옥천군,산업별
충청북도,음성군,종사자규모별
충청북도,음성군,산업별
충청북도,증평군,종사자규모별
충청북도,증평군,산업별
충청북도,진천군,종사자규모별
충청북도,진천군,산업별
충청남도,계룡시,종사자규모별
충청남도,계룡시,산업별
충청남도,공주시,종사자규모별
충청남도,공주시,산업별
충청남도,논산시,종사자규모별
충청남도,논산시,산업별
충청남도,당진시,종사자규모별
충청남도,당진시,산업별
충청남도,보령시,종사자규모별
충청남도,보령시,산업별
충청남도,서산시,종사자규모별
충청남도,서산시,산업별
충청남도,아산시,종사자규모별
충청남도,아산시,산업별
충청남도,천안시,종사자규모별
충청남도,천안시,산업별
충청남도,금산군,종사자규모별
충청남도,금산군,산업별
충청남도,부여군,종사자규모별
충청남도,부여군,산업별
충청남도,서천군,종사자규모별
충청남도,서천군,산업별
충청남도,예산군,종사자규모별
충청남도,예산군,산업별
충청남도,청양군,종사자규모별
충청남도,청양군,산업별
충청남도,태안군,종사자규모별
충청남도,태안군,산업별
충청남도,홍성군,종사자규모별
충청남도,홍성군,산업별
전북특별자치도,군산시,종사자규모별
전북특별자치도,군산시,산업별
전북특별자치도,김제시,종사자규모별
전북특별자치도,김제시,산업별
전북특별자치도,남원시,종사자규모별
전북특별자치도,남원시,산업별
전북특별자치도,익산시,종사자규모별
전북특별자치도,익산시,산업별
전북특별자치도,전주시,종사자규모별
전북특별자치도,전주시,산업별
전북특별자치도,정읍시,종사자규모별
전북특별자치도,정읍시,산업별
전북특별자치도,고창군,종사자규모별
전북특별자치도,고창군,산업별
전북특별자치도,무주군,종사자규모별
전북특별자치도,무주군,산업별
전북특별자치도,부안군,종사자규모별
전북특별자치도,부안군,산업별
전북특별자치도,순창군,종사자규모별
전북특별자치도,순창군,산업별
전북특별자치도,완주군,종사자규모별
전북특별자치도,완주군,산업별
전북특별자치도,임실군,종사자규모별
전북특별자치도,임실군,산업별
전북특별자치도,장수군,종사자규모별
전북특별자치도,장수군,산업별
전북특별자치도,진안군,종사자규모별
전북특별자치도,진안군,산업별
전라남도,광양시,종사자규모별
전라남도,광양시,산업별
전라남도,나주시,종사자규모별
전라남도,나주시,산업별
전라남도,목포시,종사자규모별
전라남도,목포시,산업별
전라남도,순천시,종사자규모별
전라남도,순천시,산업별
전라남도,여수시,종사자규모별
전라남도,여수시,산업별
전라남도,강진군,종사자규모별
전라남도,강진군,산업별
전라남도,고흥군,종사자규모별
전라남도,고흥군,산업별
전라남도,곡성군,종사자규모별
전라남도,곡성군,산업별
전라남도,구례군,종사자규모별
전라남도,구례군,산업별
전라남도,담양군,종사자규모별
전라남도,담양군,산업별
전라남도,무안군,종사자규모별
전라남도,무안군,산업별
전라남도,보성군,종사자규모별
전라남도,보성군,산업별
전라남도,신안군,종사자규모별
전라남도,신안군,산업별
전라남도,영광군,종사자규모별
전라남도,영광군,산업별
전라남도,영암군,종사자규모별
전라남도,영암군,산업별
전라남도,완도군,종사자규모별
전라남도,완도군,산업별
전라남도,정성군,종사자규모별
전라남도,정성군,산업별
전라남도,정흥군,종사자규모별
전라남도,정흥군,산업별
전라남도,진도군,종사자규모별
전라남도,진도군,산업별
전라남도,함평군,종사자규모별
전라남도,함평군,산업별
전라남도,해남군,종사자규모별
전라남도,해남군,산업별
전라남도,화순군,종사자규모별
전라남도,화순군,산업별
경상북도,경산시,종사자규모별
경상북도,경산시,산업별
경상북도,경주시,종사자규모별
경상북도,경주시,산업별
경상북도,구미시,종사자규모별
경상북도,구미시,산업별
경상북도,김천시,종사자규모별
경상북도,김천시,산업별
경상북도,문경시,종사자규모별
경상북도,문경시,산업별
경상북도,상주시,종사자규모별
경상북도,상주시,산업별
경상북도,안동시,종사자규모별
경상북도,안동시,산업별
경상북도,영주시,종사자규모별
경상북도,영주시,산업별
경상북도,영천시,종사자규모별
경상북도,영천시,산업별
경상북도,포항시,종사자규모별
경상북도,포항시,산업별
경상북도,고령군,종사자규모별
경상북도,고령군,산업별
경상북도,봉화군,종사자규모별
경상북도,봉화군,산업별
경상북도,성주군,종사자규모별
경상북도,성주군,산업별
경상북도,영덕군,종사자규모별
경상북도,영덕군,산업별
경상북도,영양군,종사자규모별
경상북도,영양군,산업별
경상북도,예천군,종사자규모별
경상북도,예천군,산업별
경상북도,울릉군,종사자규모별
경상북도,울릉군,산업별
경상북도,울진군,종사자규모별
경상북도,울진군,산업별
경상북도,의성군,종사자규모별
경상북도,의성군,산업별
경상북도,청도군,종사자규모별
경상북도,청도군,산업별
경상북도,청송군,종사자규모별
경상북도,청송군,산업별
경상북도,칠곡군,종사자규모별
경상북도,칠곡군,산업별
경상남도,거제시,종사자규모별
경상남도,거제시,산업별
경상남도,김해시,종사자규모별
경상남도,김해시,산업별
경상남도,밀양시,종사자규모별
경상남도,밀양시,산업별
경상남도,사천시,종사자규모별
경상남도,사천시,산업별
경상남도,양산시,종사자규모별
경상남도,양산시,산업별
경상남도,진주시,종사자규모별
경상남도,진주시,산업별
경상남도,창원시,종사자규모별
경상남도,창원시,산업별
경상남도,통영시,종사자규모별
경상남도,통영시,산업별
경상남도,거창군,종사자규모별
경상남도,거창군,산업별
경상남도,고성군,종사자규모별
경상남도,고성군,산업별
경상남도,남해군,종사자규모별
경상남도,남해군,산업별
경상남도,산청군,종사자규모별
경상남도,산청군,산업별
경상남도,의령군,종사자규모별
경상남도,의령군,산업별
경상남도,창녕군,종사자규모별
경상남도,창녕군,산업별
경상남도,하동군,종사자규모별
경상남도,하동군,산업별
경상남도,함안군,종사자규모별
경상남도,함안군,산업별
경상남도,함양군,종사자규모별
경상남도,함양군,산업별
경상남도,합천군,종사자규모별
경상남도,합천군,산업별
