학교구분,학교코드,학교명,본분교,학제,지역,설립구분,관련법령,법인명,학교상태,학교명(한자),학교명(영문),주소,영문주소,중문주소,우편번호,학교개교일,학교홈페이지,총장명,"학교대표
번호","학교대표
팩스번호"
대학,1,강릉원주대학교,본교,대학교,강원,국립,고등교육법,해당없음,기존,国立江陵原州大学,Gangneung Wonju National University,강원특별자치도 강릉시 죽헌길 7                  ,"7 Jukheon-gil, Gangneung-si, Gangwon-do","7 Jukheon-gil, Gangneung-si, Gangwon-do",25457,1979.3.1,www.gwnu.ac.kr,반선섭,033-642-7001,033-643-7110
대학,2,강릉원주대학교,제2캠퍼스,대학교,강원,국립,고등교육법,해당없음,기존,国立江陵原州大学,Gangneung Wonju National University,강원특별자치도 원주시 흥업면 남원로 150         ,"150 Namwon-ro, Heungeop-myeon, Wonju-si, Gangwon-do","150 Namwon-ro, Heungeop-myeon, Wonju-si, Gangwon-do",26403,2007.3.1,www.gwnu.ac.kr,반선섭,033-760-8020,033-760-8029
대학,3,강원대학교,본교,대학교,강원,국립,고등교육법,해당없음,기존,江原大学校,Kangwon National University,강원특별자치도 춘천시 강원대학길 1              ,"1 Kangwondaehak-gil, Chuncheon-si, Gangwon-do","1 Kangwondaehak-gil, Chuncheon-si, Gangwon-do",24341,1970.3.1,www.kangwon.ac.kr/,김헌영,033-250-6114,033-251-9556
대학,4,강원대학교,제2캠퍼스,대학교,강원,국립,고등교육법,해당없음,기존,江原大学校,Kangwon National University,강원특별자치도 삼척시 중앙로 346                ,"346 Jungang-ro, Samcheok-si, Gangwon-do","346 Jungang-ro, Samcheok-si, Gangwon-do",25913,2006.3.1,www.kangwon.ac.kr/,김헌영,033-570-6114,033-572-8620
대학,5,경북대학교,본교,대학교,대구,국립,고등교육법,해당없음,기존,庆北大学校,Kyungpook National University,대구광역시 북구 대학로 80                       ,"80, Daehak-ro, Buk-gu, Daegu, Republic of Korea","80, Daehak-ro, Buk-gu, Daegu, Republic of Korea",41566,1946.5.28,www.knu.ac.kr,홍원화,053-950-5114,053-950-2149
대학,7,경상국립대학교,본교,대학교,경남,국립,고등교육법,해당없음,기존,慶尙國立大學校,Gyeongsang National University,경상남도 진주시 진주대로 501                    ,"501, Jinju-daero, Jinju-si, Gyeongsangnam-do, Republic of Korea","501, Jinju-daero, Jinju-si, Gyeongsangnam-do, Republic of Korea",52828,1910.4.30,www.gnu.ac.kr,권순기,055-772-1114,055-772-0359
대학,8,공주대학교,본교,대학교,충남,국립,고등교육법,해당없음,기존,公州大学校,Kongju National University,충청남도 공주시 공주대학로 56                   ,"56, Gongjudaehak-ro, Gongju-si, Chungcheongnam-do, Republic of Korea","56, Gongjudaehak-ro, Gongju-si, Chungcheongnam-do, Republic of Korea",32588,1948.7.31,www.kongju.ac.kr,원성수,041-850-8114,041-850-8019
대학,9,군산대학교,본교,대학교,전북,국립,고등교육법,해당없음,기존,群山大学校,Kunsan National University,전라북도 군산시 대학로 558                      ,"558, Daehak-ro, Gunsan-si, Jeollabuk-do, Republic of Korea","558, Daehak-ro, Gunsan-si, Jeollabuk-do, Republic of Korea",54150,1979.1.18,www.kunsan.ac.kr,이장호,063-469-4114,063-469-5334
대학,10,금오공과대학교,본교,대학교,경북,국립,고등교육법,해당없음,기존,金乌工科大学校,Kumoh National Institute Of Technology,경상북도 구미시 대학로 61                       ,"61, Daehak-ro, Gumi-si, Gyeongsangbuk-do, Republic of Korea","61, Daehak-ro, Gumi-si, Gyeongsangbuk-do, Republic of Korea",39177,1980.3.1,www.kumoh.ac.kr,곽호상,054-478-7114,054-478-7100
대학,11,목포대학교,본교,대학교,전남,국립,고등교육법,해당없음,기존,木浦大学校,Mokpo National University,전라남도 무안군 청계면 영산로 1666              ,"1666, Yeongsan-ro, Cheonggye-myeon, Muan-gun, Jeollanam-do, Republic of Korea","1666, Yeongsan-ro, Cheonggye-myeon, Muan-gun, Jeollanam-do, Republic of Korea",58554,1946.10.31,www.mokpo.ac.kr,송하철,061-450-2114,061-452-4793
대학,12,목포해양대학교,본교,대학교,전남,국립,고등교육법,해당없음,기존,木浦海洋大学校,Mokpo National Maritime University,전라남도 목포시 해양대학로 91                   ,"91, Haeyangdaehak-ro, Mokpo-si, Jeollanam-do, Republic of Korea","91, Haeyangdaehak-ro, Mokpo-si, Jeollanam-do, Republic of Korea",58628,1993.3.1,www.mmu.ac.kr,한원희,061-240-7114,061-242-5176
대학,13,부경대학교,본교,대학교,부산,국립,고등교육법,해당없음,기존,釜庆大学校,Pukyong National University,부산광역시 남구 용소로 45                       ,"45, Yongso-ro, Nam-Gu. Busan, Republic of Korea","45, Yongso-ro, Nam-Gu. Busan, Republic of Korea",48513,1996.7.6,www.pknu.ac.kr,장영수,051-629-4114,051-629-5089
대학,14,부산대학교,본교,대학교,부산,국립,고등교육법,해당없음,기존,釜山大学校,Pusan National University,부산광역시 금정구 부산대학로63번길 2            ,"2, Busandaehak-ro 63beon-gil, Geumjeong-gu, Busan, Republic of Korea","2, Busandaehak-ro 63beon-gil, Geumjeong-gu, Busan, Republic of Korea",46241,1946.5.15,www.pusan.ac.kr,차정인,051-512-0311,051-512-3368
대학,19,서울대학교,본교,대학교,서울,국립대법인,고등교육법,서울대학교 법인,기존,首尔大学,Seoul National University,서울특별시 관악구 관악로 1                      ,"1, Gwanak-ro, Gwanak-gu, Seoul, Republic of Korea","1, Gwanak-ro, Gwanak-gu, Seoul, Republic of Korea",8826,1946.8.22,www.snu.ac.kr,유홍림,02-880-5114,02-885-5272
대학,20,순천대학교,본교,대학교,전남,국립,고등교육법,해당없음,기존,顺天大学校,Sunchon National University,전라남도 순천시 중앙로 255                      ,"255, Jungang-ro, Suncheon-si, Jeollanam-do, Republic of Korea","255, Jungang-ro, Suncheon-si, Jeollanam-do, Republic of Korea",57922,1982.3.10,www.scnu.ac.kr/SCNU/main.do,이병운,061-750-3114,061-750-3117
대학,21,안동대학교,본교,대학교,경북,국립,고등교육법,해당없음,기존,安东大学校,Andong National University,경상북도 안동시 경동로 1375                     ,"1375, Gyeongdong-ro, Andong-si, Gyeongsangbuk-do, Republic of Korea","1375, Gyeongdong-ro, Andong-si, Gyeongsangbuk-do, Republic of Korea",36729,1979.3.12,www.andong.ac.kr/main/index.do,정태주,054-820-5114,054-820-7115
대학,23,전남대학교,본교,대학교,광주,국립,고등교육법,해당없음,기존,全南大学校,Chonnam National University,광주광역시 북구 용봉로 45                       ,"45, Yongbong-ro, Buk-gu, Gwangju, Republic of Korea","45, Yongbong-ro, Buk-gu, Gwangju, Republic of Korea",61186,1951.10.6,www.chonnam.ac.kr,정성택,062-530-5114,062-530-1189
대학,24,전남대학교,제2캠퍼스,대학교,전남,국립,고등교육법,해당없음,기존,全南大学校,Chonnam National University,전라남도 여수시 대학로 50                       ,"50, Daehak-ro, Yeosu-si, Jeollanam-do, Republic of Korea","50, Daehak-ro, Yeosu-si, Jeollanam-do, Republic of Korea",59626,2006.3.1,www.chonnam.ac.kr,정성택,061-659-6114,061-659-7003
대학,25,전북대학교,본교,대학교,전북,국립,고등교육법,해당없음,기존,国立全北大学,Jeonbuk National University,전라북도 전주시 덕진구 백제대로 567             ,"567, Baekje-daero, Deokjin-gu, Jeonju-si, Jeollabuk-do, Republic of Korea","567, Baekje-daero, Deokjin-gu, Jeonju-si, Jeollabuk-do, Republic of Korea",54896,1951.10.6,www.jbnu.ac.kr,양오봉,063-270-2114,063-276-0429
대학,27,제주대학교,본교,대학교,제주,국립,고등교육법,해당없음,기존,济州大学,Jeju National University,제주특별자치도 제주시 제주대학로 102            ,"102, Jejudaehak-ro, Jeju-si, Jeju-do, Republic of Korea","102, Jejudaehak-ro, Jeju-si, Jeju-do, Republic of Korea",63243,1952.5.27,www.jejunu.ac.kr,김일환,064-754-2114,064-755-8562
대학,28,창원대학교,본교,대학교,경남,국립,고등교육법,해당없음,기존,昌原大学,Changwon National University,경상남도 창원시 의창구 창원대학로 20            ,"20, Changwondaehak-ro, Uichang-gu, Changwon-si, Gyeongsangnam-do, Republic of Korea","20, Changwondaehak-ro, Uichang-gu, Changwon-si, Gyeongsangnam-do, Republic of Korea",51140,1969.3.21,www.changwon.ac.kr,이호영,055-213-2114,055-283-2970
대학,29,충남대학교,본교,대학교,대전,국립,고등교육법,해당없음,기존,忠南大学,Chungnam National University,대전광역시 유성구 대학로 99                     ,"99, Daehak-ro, Yuseong-gu, Daejeon, Republic of Korea","99, Daehak-ro, Yuseong-gu, Daejeon, Republic of Korea",34134,1952.5.25,www.cnu.ac.kr,이진숙,042-821-5114,042-823-5875
대학,30,충북대학교,본교,대학교,충북,국립,고등교육법,해당없음,기존,忠北大学,Chungbuk National University,충청북도 청주시 서원구 충대로 1                 ,"1, Chungdae-ro, Seowon-gu, Cheongju-si, Chungcheongbuk-do, Republic of Korea","1, Chungdae-ro, Seowon-gu, Cheongju-si, Chungcheongbuk-do, Republic of Korea",28644,1951.9.27,www.chungbuk.ac.kr,고창섭,043-261-2114,043-261-3333
대학,31,한국교원대학교,본교,대학교,충북,국립,고등교육법,해당없음,기존,国立韩国教员大学,Korea National University Of Education,충청북도 청주시 흥덕구 강내면 태성탑연로 250    ,"250, Taeseongtabyeon-ro, Gangnae-myeon, Heungdeok-gu, Cheongju-si, Chungcheongbuk-do, Republic of Korea","250, Taeseongtabyeon-ro, Gangnae-myeon, Heungdeok-gu, Cheongju-si, Chungcheongbuk-do, Republic of Korea",28173,1984.3.15,www.knue.ac.kr,김종우,043-230-3114,043-233-2960
대학,32,한국체육대학교,본교,대학교,서울,국립,고등교육법,해당없음,기존,韩国体育大学,Korea National Sport University,서울특별시 송파구 양재대로 1239                 ,"1239, Yangjae-daero, Songpa-gu, Seoul, Republic of Korea","1239, Yangjae-daero, Songpa-gu, Seoul, Republic of Korea",5541,1976.12.30,www.knsu.ac.kr/,안용규,02-410-6700,02-418-1877
대학,33,한국해양대학교,본교,대학교,부산,국립,고등교육법,해당없음,기존,韩国海洋大学,National Korea Maritime & Ocean University,부산광역시 영도구 태종로 727                    ,"727, Taejong-ro, Yeongdo-gu, Busan, Republic of Korea","727, Taejong-ro, Yeongdo-gu, Busan, Republic of Korea",49112,1945.11.5,www.kmou.ac.kr,도덕희,051-410-4114,051-405-2475
대학,34,한국교통대학교,본교,대학교,충북,국립,고등교육법,해당없음,기존,韩国交通大学校,Korea National University Of Transportation,충청북도 충주시 대소원면 대학로 50              ,"50, Daehak-ro, Daesowon-myeon, Chungju-si, Chungcheongbuk-do, Republic of Korea","50, Daehak-ro, Daesowon-myeon, Chungju-si, Chungcheongbuk-do, Republic of Korea",27469,1914.4.1,www.ut.ac.kr,윤승조,043-841-5002,043-853-1236
대학,35,경남과학기술대학교,본교,대학교,경남,국립,고등교육법,해당없음,폐교,庆南科学技术大学校,Gyeongnam National University Of Science And Technology,경상남도 진주시 동진로 33                       ,"33, Dongjin-ro, Jinju-si, Gyeongsangnam-do, Republic of Korea","33, Dongjin-ro, Jinju-si, Gyeongsangnam-do, Republic of Korea",52725,1910.4.30,www.gntech.ac.kr,김남경,055-751-3114,055-752-9554
대학,36,서울과학기술대학교,본교,대학교,서울,국립,고등교육법,해당없음,기존,首尔科学技术大学,Seoul National University Of Science And Technology,서울특별시 노원구 공릉로 232                    ,"232, Gongneung-ro, Nowon-gu, Seoul, Republic of Korea","232, Gongneung-ro, Nowon-gu, Seoul, Republic of Korea",1811,2012.3.1,www.seoultech.ac.kr,이동훈,02-970-6114,02-970-6088
대학,37,한경국립대학교,본교,대학교,경기,국립,고등교육법,해당없음,기존,韩京國立大学校,Hankyong National University,경기도 안성시 중앙로 327                        ,"327, Jungang-ro, Anseong-si, Gyeonggi-do, Republic of Korea","327, Jungang-ro, Anseong-si, Gyeonggi-do, Republic of Korea",17579,1939.4.15,www.hknu.ac.kr,이원희,031-670-5114,031-670-5469
대학,39,한밭대학교,본교,대학교,대전,국립,고등교육법,해당없음,기존,韩巴大学,Hanbat National University,대전광역시 유성구 동서대로 125                  ,"125, Dongseo-daero, Yuseong-gu, Daejeon, Republic of Korea","125, Dongseo-daero, Yuseong-gu, Daejeon, Republic of Korea",34158,2012.3.1,www.hanbat.ac.kr,오용준,042-821-1114,042-825-5395
대학,40,서울시립대학교,본교,대학교,서울,공립,고등교육법,해당없음,기존,首尔市立大学校,University Of Seoul,서울특별시 동대문구 서울시립대로 163            ,"163, Seoulsiripdae-ro, Dongdaemun-gu, Seoul, Republic of Korea","163, Seoulsiripdae-ro, Dongdaemun-gu, Seoul, Republic of Korea",2504,1918.5.1,www.uos.ac.kr,서순탁,02-6490-6114,02-6490-6439
대학,46,가톨릭대학교,본교,대학교,경기,사립,고등교육법,가톨릭학원,기존,加图立大学校,The Catholic University Of Korea,경기도 부천시 원미구 지봉로 43                  ,"43, Jibong-ro, Bucheon-si, Gyeonggi-do, Republic of Korea","43, Jibong-ro, Bucheon-si, Gyeonggi-do, Republic of Korea",14662,1995.3.1,www.catholic.ac.kr,원종철,02-2164-4114,02-2164-4754
대학,48,가톨릭대학교,제2캠퍼스,대학교,서울,사립,고등교육법,가톨릭학원,기존,加图立大学校,The Catholic University Of Korea,서울특별시 서초구 반포대로 222                  ,"222, Banpo-daero, Seocho-gu, Seoul, Republic of Korea","222, Banpo-daero, Seocho-gu, Seoul, Republic of Korea",6591,1995.3.1,www.catholic.ac.kr,원종철,02-2258-7114,02-533-4362
대학,49,가톨릭대학교,제3캠퍼스,대학교,서울,사립,고등교육법,가톨릭학원,기존,加图立大学校,The Catholic University Of Korea,서울특별시 종로구 창경궁로 296-12               ,"296-12, Changgyeonggung-ro, Jongno-gu, Seoul, Republic of Korea","296-12, Changgyeonggung-ro, Jongno-gu, Seoul, Republic of Korea",3083,1995.3.1,www.catholic.ac.kr,원종철,02-740-9705,02-741-2801
대학,50,감리교신학대학교,본교,대학교,서울,사립,고등교육법,감리교신학원,기존,监理教神学大学,Methodist Theological University,서울특별시 서대문구 독립문로 56                 ,"56, Dongnimmun-ro, Seodaemun-gu, Seoul, Republic of Korea","56, Dongnimmun-ro, Seodaemun-gu, Seoul, Republic of Korea",3745,1887-09-29,www.mtu.ac.kr,이후정,02-361-9257,02-361-9006
대학,51,강남대학교,본교,대학교,경기,사립,고등교육법,강남학원,기존,江南大学校,Kangnam University,경기도 용인시 기흥구 강남로 40                  ,"40, Gangnam-ro, Giheung-gu, Yongin-si, Gyeonggi-do, Republic of Korea","40, Gangnam-ro, Giheung-gu, Yongin-si, Gyeonggi-do, Republic of Korea",16979,1948.8.12,www.kangnam.ac.kr,윤신일,031-280-3500,031-280-3173
대학,52,건국대학교,본교,대학교,서울,사립,고등교육법,건국대학교,기존,建国大学,Konkuk University,서울특별시 광진구 능동로 120                    ,"120, Neungdong-ro, Gwangjin-gu, Seoul, Republic of Korea","120, Neungdong-ro, Gwangjin-gu, Seoul, Republic of Korea",5029,1931.5.15,www.konkuk.ac.kr,전영재,02-450-3114,02-450-3179
대학,53,건국대학교(글로컬),분교,대학교,충북,사립,고등교육법,건국대학교,기존,建国大学,Konkuk University,충청북도 충주시 충원대로 268                    ,"268, Chungwon-daero, Chungju-si, Chungcheongbuk-do, Republic of Korea","268, Chungwon-daero, Chungju-si, Chungcheongbuk-do, Republic of Korea",27478,1980.1.5,www.kku.ac.kr,전영재,043-840-3114,043-851-9356
대학,54,건양대학교,본교,대학교,충남,사립,고등교육법,학교법인 건양교육재단,기존,建阳大学校,Konyang University,충청남도 논산시 대학로 121                      ,"121, Daehak-ro, Nonsan-si, Chungcheongnam-do, Republic of Korea","121, Daehak-ro, Nonsan-si, Chungcheongnam-do, Republic of Korea",32992,1990.11.28,www.konyang.ac.kr,김용하,041-730-5114,041-733-2070
대학,55,건양대학교,제2캠퍼스,대학교,대전,사립,고등교육법,학교법인 건양교육재단,기존,建阳大学校,Konyang University,대전광역시 서구 관저동로 158                    ,"158, Gwanjeodong-ro, Seo-gu, Daejeon, Republic of Korea","158, Gwanjeodong-ro, Seo-gu, Daejeon, Republic of Korea",35365,1990.11.28,www.konyang.ac.kr,김용하,041-730-5114,041-733-2070
대학,56,경기대학교,본교,대학교,경기,사립,고등교육법,경기학원,기존,京畿大学校,Kyonggi University,경기도 수원시 영통구 광교산로 154-42            ,"154-42, Gwanggyosan-ro, Yeongtong-gu, Suwon-si, Gyeonggi-do, Republic of Korea","154-42, Gwanggyosan-ro, Yeongtong-gu, Suwon-si, Gyeonggi-do, Republic of Korea",16227,1947.11.8,www.kyonggi.ac.kr,이윤규,031-249-9114,031-243-2194
대학,58,경기대학교,제2캠퍼스,대학교,서울,사립,고등교육법,경기학원,기존,京畿大学校,Kyonggi University,서울특별시 서대문구 경기대로9길 24              ,"24, Kyonggidae-ro 9-gil, Seodaemun-gu, Seoul, Republic of Korea","24, Kyonggidae-ro 9-gil, Seodaemun-gu, Seoul, Republic of Korea",3746,1947.11.8,www.kyonggi.ac.kr,김인규,031-249-8711,031-249-8718
대학,59,경남대학교,본교,대학교,경남,사립,고등교육법,한마학원,기존,庆南大学校,Kyungnam University,경상남도 창원시 마산합포구 경남대학로 7         ,"7, Gyeongnamdaehak-ro, Masanhappo-gu, Changwon-si, Gyeongsangnam-do, Republic of Korea","7, Gyeongnamdaehak-ro, Masanhappo-gu, Changwon-si, Gyeongsangnam-do, Republic of Korea",51767,1946.12.27,www.kyungnam.ac.kr,박재규,055-245-5000,055-246-6184
대학,60,경동대학교,본교,대학교,강원,사립,고등교육법,경동대학교,기존,京东大学校,Kyungdong University,강원특별자치도 고성군 토성면 봉포4길 46         ,"46 Bongpo 4-gil, Toseong-myeon, Goseong-gun, Gangwon-do","46 Bongpo 4-gil, Toseong-myeon, Goseong-gun, Gangwon-do",24764,1997.3.1,www.kduniv.ac.kr,전성용,033-631-2000,033-631-9542
대학,61,대구한의대학교,본교,대학교,경북,사립,고등교육법,제한학원,기존,大邱韩医大学,Daegu Haany University,경상북도 경산시 한의대로 1                      ,"1 Hanuidae-ro, Gyeongsan-si, Gyeongsangbuk-do","1 Hanuidae-ro, Gyeongsan-si, Gyeongsangbuk-do",38610,1980.12.29,www.dhu.ac.kr,변창훈,053-819-1000,053-819-1258
대학,62,경성대학교,본교,대학교,부산,사립,고등교육법,한성(韓星)학원,기존,庆星大学校,Kyungsung University,부산광역시 남구 수영로 309                      ,"309, Suyeong-ro, Nam-gu, Busan, Republic of Korea","309, Suyeong-ro, Nam-gu, Busan, Republic of Korea",48434,1963.1.28,ks.ac.kr,이종근,051-663-4114,051-663-4089
대학,63,가천대학교,본교,대학교,경기,사립,고등교육법,가천학원,기존,嘉泉大学校,Gachon University,경기도 성남시 수정구 성남대로 1342              ,"1342, Seongnam-daero, Sujeong-gu, Seongnam-si, Gyeonggi-do, Republic of Korea","1342, Seongnam-daero, Sujeong-gu, Seongnam-si, Gyeonggi-do, Republic of Korea",13120,2012.3.1,www.gachon.ac.kr,이길여,031-750-5114,031-753-8828
대학,64,경일대학교,본교,대학교,경북,사립,고등교육법,일청학원,기존,庆一大学,Kyungil University,경상북도 경산시 하양읍 가마실길 50              ,"50, Gamasil-gil, Hayang-eup, Gyeongsan-si, Gyeongsangbuk-do, Republic of Korea","50, Gamasil-gil, Hayang-eup, Gyeongsan-si, Gyeongsangbuk-do, Republic of Korea",38428,1996.12.11,www.kiu.ac.kr,정현태,053-600-4000,053-600-4020
대학,65,경주대학교,본교,대학교,경북,사립,고등교육법,원석학원,기존,庆州大学校,Gyeongju University,경상북도 경주시 태종로 188                      ,"188, Taejong-ro, Gyeongju-si, Gyeongsangbuk-do, Republic of Korea","188, Taejong-ro, Gyeongju-si, Gyeongsangbuk-do, Republic of Korea",38065,1987.12.12,www.gju.ac.kr,김일윤,054-770-5114,054-748-2784
대학,66,경희대학교,본교,대학교,서울,사립,고등교육법,경희학원,기존,庆熙大学校,Kyung Hee University,서울특별시 동대문구 경희대로 26                 ,"26, Kyungheedae-ro, Dongdaemun-gu, Seoul, Republic of Korea","26, Kyungheedae-ro, Dongdaemun-gu, Seoul, Republic of Korea",2447,1951.5.18,www.khu.ac.kr,한균태,02-961-0114,02-961-0930
대학,68,계명대학교,본교,대학교,대구,사립,고등교육법,계명대학교,기존,启明大学,Keimyung University,대구광역시 달서구 달구벌대로 1095               ,"1095, Dalgubeol-daero, Dalseo-gu, Daegu, Republic of Korea","1095, Dalgubeol-daero, Dalseo-gu, Daegu, Republic of Korea",42601,1954.5.20,www.kmu.ac.kr,신일희,053-580-5114,053-580-5454
대학,69,고려대학교,본교,대학교,서울,사립,고등교육법,고려중앙학원,기존,高丽大学,Korea University,서울특별시 성북구 안암로 145                    ,"145, Anam-ro, Seongbuk-gu, Seoul, Republic of Korea","145, Anam-ro, Seongbuk-gu, Seoul, Republic of Korea",2841,1905.5.5,www.korea.ac.kr,김동원,02-3290-1114,02-928-9102
대학,70,고려대학교(세종),분교,대학교,세종,사립,고등교육법,고려중앙학원,기존,高丽大学 世宗校区,Korea University Sejong Campus,세종특별자치시 조치원읍 세종로 2511             ,"2511, Sejong-ro, Jochiwon-eup, Sejong-si, Republic of Korea","2511, Sejong-ro, Jochiwon-eup, Sejong-si, Republic of Korea",30019,1980.3.2,sejong.korea.ac.kr,김동원,044-860-1114,044-860-1048
대학,71,고신대학교,본교,대학교,부산,사립,고등교육법,대한예수교장로회총회고려학원,기존,高神大学,Kosin University,부산광역시 영도구 와치로 194                    ,"194, Wachi-ro, Yeongdo-gu, Busan, Republic of Korea","194, Wachi-ro, Yeongdo-gu, Busan, Republic of Korea",49104,1946.9.20,www.kosin.ac.kr,손수경(직무대행),051-990-2114,051-911-2525
대학,72,가톨릭관동대학교,본교,대학교,강원,사립,고등교육법,인천가톨릭학원,기존,加图立关东大学,Catholic Kwandong University,강원특별자치도 강릉시 범일로579번길 24          ,"24 Beomil-ro 579beon-gil, Gangneung-si, Gangwon-do","24 Beomil-ro 579beon-gil, Gangneung-si, Gangwon-do",25601,1955.4.26,www.cku.ac.kr,김용승,033-649-7114,033-649-7874
대학,73,광신대학교,본교,대학교,광주,사립,고등교육법,광신학원,기존,光神大学校,Kwangshin University,광주광역시 북구 양산택지소로 36                 ,"36, Yangsantaekjiso-ro, Buk-gu, Gwangju, Republic of Korea","36, Yangsantaekjiso-ro, Buk-gu, Gwangju, Republic of Korea",61027,1996.12.11,www.kwangshin.ac.kr,김경윤,062-605-1004,062-571-7255
대학,74,광운대학교,본교,대학교,서울,사립,고등교육법,광운학원,기존,光云大学,Kwangwoon University,서울특별시 노원구 광운로 20                     ,"20, Gwangun-ro, Nowon-gu, Seoul, Republic of Korea","20, Gwangun-ro, Nowon-gu, Seoul, Republic of Korea",1897,1934.5.20,www.kw.ac.kr,김종헌,02-940-5026,02-917-0896
대학,75,광주가톨릭대학교,본교,대학교,전남,사립,고등교육법,대건학당,기존,光州天主教大学 ,Gwangju Catholic University,전라남도 나주시 남평읍 중남길 12-25             ,"12-25, Jungnam-gil, Nampyeong-eup, Naju-si, Jeollanam-do, Republic of Korea","12-25, Jungnam-gil, Nampyeong-eup, Naju-si, Jeollanam-do, Republic of Korea",58230,1965.1.13,www.gjcatholic.ac.kr,김정용,061-337-2181,061-337-2185
대학,76,광주여자대학교,본교,대학교,광주,사립,고등교육법,송강학원,기존,光州女子大学,Kwangju Women'S University,광주광역시 광산구 광주여대길 40                 ,"40, Gwangjuyeodae-gil, Gwangsan-gu, Gwangju","40, Gwangjuyeodae-gil, Gwangsan-gu, Gwangju",62396,1997.3.3,www.kwu.ac.kr,이선재,062-956-2500,062-953-2218
대학,78,국민대학교,본교,대학교,서울,사립,고등교육법,국민학원,기존,国民大学,Kookmin University,서울특별시 성북구 정릉로 77                     ,"77, Jeongneung-ro, Seongbuk-gu, Seoul, Republic of Korea","77, Jeongneung-ro, Seongbuk-gu, Seoul, Republic of Korea",2707,1946.9.1,www.kookmin.ac.kr,정승렬,02-910-4114,02-910-4169
대학,79,강서대학교,본교,대학교,서울,사립,고등교육법,한국그리스도의교회학원,기존, 江西大學校,GANGSEO UNIVERSITY,서울특별시 강서구 까치산로24길 47               ,"47, Kkachisan-ro 24-gil, Gangseo-gu, Seoul, Republic of Korea","47, Kkachisan-ro 24-gil, Gangseo-gu, Seoul, Republic of Korea",7661,1958.4.19,gangseo.ac.kr,김용재,02-2600-2400,02-2698-8876
대학,80,극동대학교,본교,대학교,충북,사립,고등교육법,일현학원,기존,极东大学校,Far East University,충청북도 음성군 감곡면 대학길 76-32             ,"76-32, Daehak-gil, Gamgok-myeon, Eumseong-gun, Chungcheongbuk-do, Republic of Korea","76-32, Daehak-gil, Gamgok-myeon, Eumseong-gun, Chungcheongbuk-do, Republic of Korea",27601,1997.12.5,www.kdu.ac.kr,류기일,043-879-3500,043-879-3519
대학,81,나사렛대학교,본교,대학교,충남,사립,고등교육법,나사렛학원,기존,拿撒勒大学,Korea Nazarene University,충청남도 천안시 서북구 월봉로 48                ,"48, Wolbong-ro, Seobuk-gu, Cheonan-si, Chungcheongnam-do, Republic of Korea","48, Wolbong-ro, Seobuk-gu, Cheonan-si, Chungcheongnam-do, Republic of Korea",31172,1954.9.14,www.kornu.ac.kr,KIM DAVID KYUNGSOO,041-570-7794,041-570-7725
대학,82,단국대학교,본교,대학교,경기,사립,고등교육법,단국대학,기존,檀国大学校,Dankook University,경기도 용인시 수지구 죽전로 152                 ,"152, Jukjeon-ro, Suji-gu, Yongin-si, Gyeonggi-do, Republic of Korea","152, Jukjeon-ro, Suji-gu, Yongin-si, Gyeonggi-do, Republic of Korea",16890,1947.11.3,www.dankook.ac.kr,안순철,1899-3700,031-8021-7106
대학,84,대구대학교,본교,대학교,경북,사립,고등교육법,영광학원,기존,大邱大学,Daegu University,경상북도 경산시 진량읍 대구대로 201             ,"201, Daegudae-ro, Jillyang-eup, Gyeongsan-si, Gyeongsangbuk-do, Republic of Korea","201, Daegudae-ro, Jillyang-eup, Gyeongsan-si, Gyeongsangbuk-do, Republic of Korea",38453,1956.5.1,www.daegu.ac.kr,박순진,053-850-5000,053-850-5009
대학,87,대구예술대학교,본교,대학교,경북,사립,고등교육법,세기학원,기존,大邱艺术大学,Daegu Arts University,경상북도 칠곡군 가산면 다부거문1길 202          ,"202, Dabugeomun 1-gil, Gasan-myeon, Chilgok-gun, Gyeongsangbuk-do, Republic of Korea","202, Dabugeomun 1-gil, Gasan-myeon, Chilgok-gun, Gyeongsangbuk-do, Republic of Korea",39851,1996.12.11,www.dgau.ac.kr,허용,054-970-5311,054-973-5319
대학,88,대구가톨릭대학교,본교,대학교,경북,사립,고등교육법,선목학원,기존,大邱加图立大学,Daegu Catholic University,경상북도 경산시 하양읍 하양로 13-13             ,"13-13, Hayang-ro, Hayang-eup, Gyeongsan-si, Gyeongsangbuk-do, Republic of Korea","13-13, Hayang-ro, Hayang-eup, Gyeongsan-si, Gyeongsangbuk-do, Republic of Korea",38430,1914.10.1,www.cu.ac.kr,성한기,053-850-3114,053-359-7000
대학,92,세한대학교,본교,대학교,전남,사립,고등교육법,영신학원,기존,世翰大学校,Sehan University,전라남도 영암군 삼호읍 녹색로 1113              ,"1113, Noksaek-ro, Samho-eup, Yeongam-gun, Jeollanam-do, Republic of Korea","1113, Noksaek-ro, Samho-eup, Yeongam-gun, Jeollanam-do, Republic of Korea",58447,1994.3.10,www.sehan.ac.kr,이 승 훈,061-469-1114,061-462-2510
대학,93,대신대학교,본교,대학교,경북,사립,고등교육법,대구신학원,기존,大神大学校,Daeshin University,경상북도 경산시 경청로222길 33                  ,"33, Gyeongcheong-ro 222-gil, Gyeongsan-si, Gyeongsangbuk-do, Republic of Korea","33, Gyeongcheong-ro 222-gil, Gyeongsan-si, Gyeongsangbuk-do, Republic of Korea",38649,1996.12.11,www.daeshin.ac.kr,최대해,053-810-0701,053-813-0006
대학,94,대전가톨릭대학교,본교,대학교,세종,사립,고등교육법,천주교대전교구대지학원,기존,大田加图立大学校,Daejeoncatholicuniversity,세종특별자치시 전의면 가톨릭대학로 30           ,"30, Catholicdaehak-ro, Jeonui-myeon, Sejong-si, Republic of Korea","30, Catholicdaehak-ro, Jeonui-myeon, Sejong-si, Republic of Korea",30006,1993.3.1,www.dcatholic.ac.kr,이상규,044-861-7101,044-861-7106
대학,95,대전대학교,본교,대학교,대전,사립,고등교육법,혜화학원,기존,大田大学,Daejeon University,대전광역시 동구 대학로 62                       ,"62, Daehak-ro, Dong-gu, Daejeon, Republic of Korea","62, Daehak-ro, Dong-gu, Daejeon, Republic of Korea",34520,1980.12.29,www.dju.ac.kr,남상호,042-280-2114,042-283-8808
대학,97,대진대학교,본교,대학교,경기,사립,고등교육법,대진대학교,기존,大真大学校,Daejin University,경기도 포천시 호국로 1007                       ,"1007, Hoguk-ro, Pocheon-si, Gyeonggi-do, Republic of Korea","1007, Hoguk-ro, Pocheon-si, Gyeonggi-do, Republic of Korea",11159,1991.11.15,www.daejin.ac.kr,임영문,031-539-1114,031-539-1115
대학,98,서울기독대학교,본교,대학교,서울,사립,고등교육법,환원학원,기존,首尔基督大学校,Seoul Christian University,서울특별시 은평구 갈현로4길 26-2                ,"26-2, Galhyeon-ro 4-gil, Eunpyeong-gu, Seoul, Republic of Korea","26-2, Galhyeon-ro 4-gil, Eunpyeong-gu, Seoul, Republic of Korea",3422,1997.12.5,www.scu.ac.kr,이영호(직무대행/교무연구처장),02-380-2500,02-380-2535
대학,99,덕성여자대학교,본교,대학교,서울,사립,고등교육법,덕성학원,기존,德成女子大学,Duksung Women'S University,서울특별시 도봉구 삼양로144길 33                ,"33, Samyang-ro 144-gil, Dobong-gu, Seoul, Republic of Korea","33, Samyang-ro 144-gil, Dobong-gu, Seoul, Republic of Korea",1369,1950.5.17,www.duksung.ac.kr,김건희,02-901-8000,02-908-2251
대학,100,동국대학교,본교,대학교,서울,사립,고등교육법,동국대학교,기존,东国大学,Dongguk University,서울특별시 중구 필동로1길 30                    ,"30, Pildong-ro 1-gil, Jung-gu, Seoul, Republic of Korea","30, Pildong-ro 1-gil, Jung-gu, Seoul, Republic of Korea",4620,1946.9.20,www.dongguk.edu,윤재웅,02-2260-3114,02-2277-1274
대학,101,동국대학교(WISE),분교,대학교,경북,사립,고등교육법,동국대학교,기존,东国大学,Dongguk University,경상북도 경주시 동대로 123                      ,"123 Dongdae-ro, Gyeongju-si, Gyeongsangbuk-do","123 Dongdae-ro, Gyeongju-si, Gyeongsangbuk-do",38066,1978.10.12,wise.dongguk.ac.kr,이영경,054-770-2844,054-770-2846
대학,102,동덕여자대학교,본교,대학교,서울,사립,고등교육법,동덕학원,기존,同德女子大学,Dongduk Women's University,서울특별시 성북구 화랑로13길 60                 ,"60, Hwarang-ro 13-gil, Seongbuk-gu, Seoul, Republic of Korea","60, Hwarang-ro 13-gil, Seongbuk-gu, Seoul, Republic of Korea",2748,1950.5.27,www.dongduk.ac.kr,김명애,02-940-4000,02-940-4182
대학,103,동서대학교,본교,대학교,부산,사립,고등교육법,동서학원,기존,东西大学,Dongseo University,부산광역시 사상구 주례로 47                     ,"47, Jurye-ro, Sasang-gu, Busan, Republic of Korea","47, Jurye-ro, Sasang-gu, Busan, Republic of Korea",47011,1992.3.2,www.dongseo.ac.kr,장제국,051-313-2001,051-313-1046
대학,104,동신대학교,본교,대학교,전남,사립,고등교육법,해인학원,기존,东新大学,Dongshinuniversity,전라남도 나주시 동신대길 67                     ,"67, Dongsindae-gil, Naju-si, Jeollanam-do","67, Dongsindae-gil, Naju-si, Jeollanam-do",58245,1986.12.31,www.dsu.ac.kr,이주희,061-330-3114,061-330-2909
대학,105,동아대학교,본교,대학교,부산,사립,고등교육법,동아학숙,기존,东亚大学校,Dong-A University,부산광역시 사하구 낙동대로550번길 37            ,"37, Nakdong-daero 550beon-gil, Saha-gu, Busan, Republic of Korea","37, Nakdong-daero 550beon-gil, Saha-gu, Busan, Republic of Korea",49315,1946.11.1,www.donga.ac.kr,이해우,051-200-6114,051-205-5788
대학,106,동양대학교,본교,대학교,경북,사립,고등교육법,현암학원,기존,东洋大学校,Dongyang University,경상북도 영주시 풍기읍 동양대로 145             ,"145, Dongyangdae-ro, Punggi-eup, Yeongju-si, Gyeongsangbuk-do, Republic of Korea","145, Dongyangdae-ro, Punggi-eup, Yeongju-si, Gyeongsangbuk-do, Republic of Korea",36040,1994.3.1,www.dyu.ac.kr,이하운,054-630-1114,054-636-8523
대학,107,동의대학교,본교,대학교,부산,사립,고등교육법,동의학원,기존,东义大学,Dong-Eui University,부산광역시 부산진구 엄광로 176                  ,"176, Eomgwang-ro, Busanjin-gu, Busan, Republic of Korea","176, Eomgwang-ro, Busanjin-gu, Busan, Republic of Korea",47340,1979.1.10,www.deu.ac.kr,한수환,051-890-1114,051-890-1234
대학,108,루터대학교,본교,대학교,경기,사립,고등교육법,루터교학원,기존,루터大学校,Luther University,경기도 용인시 기흥구 금화로82번길 20            ,"20, Geumhwa-ro 82beon-gil, Giheung-gu, Yongin-si, Gyeonggi-do, Republic of Korea","20, Geumhwa-ro 82beon-gil, Giheung-gu, Yongin-si, Gyeonggi-do, Republic of Korea",17072,1997.12.5,www.ltu.ac.kr,김준현,031-679-2300,031-283-1505
대학,109,명지대학교,본교,대학교,경기,사립,고등교육법,명지학원,기존,明知大学校 自然校区,Myongji University Natural Science Campus,경기도 용인시 처인구 명지로 116                 ,"116, Myongji-ro, Cheoin-gu, Yongin-si, Gyeonggi-do, Republic of Korea","116, Myongji-ro, Cheoin-gu, Yongin-si, Gyeonggi-do, Republic of Korea",17058,1948.9.7,www.mju.ac.kr,유병진,1577-0020,031-332-2459
대학,111,명지대학교,제2캠퍼스,대학교,서울,사립,고등교육법,명지학원,기존,明知大学校 人文校区,Myongji University Social Science Campus,서울특별시 서대문구 거북골로 34                 ,"34, Geobukgol-ro, Seodaemun-gu, Seoul, Republic of Korea","34, Geobukgol-ro, Seodaemun-gu, Seoul, Republic of Korea",3674,1948.9.7,www.mju.ac.kr,유병진,1577-0020,02-300-1556
대학,112,목원대학교,본교,대학교,대전,사립,고등교육법,감리교학원,기존,牧园大学校,Mokwon University,대전광역시 서구 도안북로 88                     ,"88, Doanbuk-ro, Seo-gu, Daejeon, Republic of Korea","88, Doanbuk-ro, Seo-gu, Daejeon, Republic of Korea",35349,1965.1.13,www.mokwon.ac.kr,이희학,042-829-7114,042-825-5020
대학,113,배재대학교,본교,대학교,대전,사립,고등교육법,배재학당,기존,培材大学校,Pai Chai University,대전광역시 서구 배재로 155-40                   ,"155-40, Baejae-ro, Seo-gu, Daejeon, Republic of Korea","155-40, Baejae-ro, Seo-gu, Daejeon, Republic of Korea",35345,1980.12.29,www.pcu.ac.kr,김욱,042-520-5114,042-533-7354
대학,114,부산가톨릭대학교,본교,대학교,부산,사립,고등교육법,성모학원,기존,釜山加图立大学校,Catholic University Of Pusan,부산광역시 금정구 오륜대로 57                   ,"57, Oryundae-ro, Geumjeong-gu, Busan, Republic of Korea","57, Oryundae-ro, Geumjeong-gu, Busan, Republic of Korea",46252,1990.12.24,www.cup.ac.kr,홍경완,051-515-5811,051-514-1576
대학,115,부산외국어대학교,본교,대학교,부산,사립,고등교육법,성지학원,기존,釜山外国语大学,Busan University Of Foreign Studies,부산광역시 금정구 금샘로485번길 65              ,"65, Geumsaem-ro 485beon-gil, Geumjeong-gu, Busan, Republic of Korea","65, Geumsaem-ro 485beon-gil, Geumjeong-gu, Busan, Republic of Korea",46234,1982.3.12,www.bufs.ac.kr,장순흥,051-509-5000,051-509-5005
대학,116,삼육대학교,본교,대학교,서울,사립,고등교육법,삼육학원,기존,三育大学校,Sahmyook University,서울특별시 노원구 화랑로 815                    ,"815, Hwarang-ro, Nowon-gu, Seoul, Republic of Korea","815, Hwarang-ro, Nowon-gu, Seoul, Republic of Korea",1795,1962.2.27,www.syu.ac.kr,김일목,02-3399-3636,02-979-5318
대학,117,상명대학교,본교,대학교,서울,사립,고등교육법,상명학원,기존,祥明大学,Sangmyung University (Seoul),서울특별시 종로구 홍지문2길 20                  ,"20, Hongjimun 2-gil, Jongno-gu, Seoul, Republic of Korea","20, Hongjimun 2-gil, Jongno-gu, Seoul, Republic of Korea",3016,1965.1.13,www.smu.ac.kr,홍성태,02-2287-5114,02-2287-0015
대학,119,상지대학교,본교,대학교,강원,사립,고등교육법,상지학원,기존,尚志大学,Sangji University,강원특별자치도 원주시 상지대길 83               ,"83 Sangjidae-gil, Wonju-si, Gangwon-do","83 Sangjidae-gil, Wonju-si, Gangwon-do",26339,1955.6.10,www.sangji.ac.kr,유만희,033-730-0114,033-745-2433
대학,120,서강대학교,본교,대학교,서울,사립,고등교육법,서강대학교,기존,西江大学,Sogang University,서울특별시 마포구 백범로 35                     ,"35, Baekbeom-ro, Mapo-gu, Seoul, Republic of Korea","35, Baekbeom-ro, Mapo-gu, Seoul, Republic of Korea",4107,1960.4.18,www.sogang.ac.kr,심종혁,02-705-8114,02-705-8112
대학,121,서경대학교,본교,대학교,서울,사립,고등교육법,서경대학원,기존,西京大学校,Seokyeong University,서울특별시 성북구 서경로 124                    ,"124, Seogyeong-ro, Seongbuk-gu, Seoul, Republic of Korea","124, Seogyeong-ro, Seongbuk-gu, Seoul, Republic of Korea",2713,1992.9.1,www.skuniv.ac.kr,김범준,02-940-7114,02-919-0345
대학,125,서울신학대학교,본교,대학교,경기,사립,고등교육법,서울신학대학교,기존,首尔神学大学,Seoul Theological University,경기도 부천시 소사구 호현로489번길 52           ,"52, Hohyeon-ro 489beon-gil, Bucheon-si, Gyeonggi-do, Republic of Korea","52, Hohyeon-ro 489beon-gil, Bucheon-si, Gyeonggi-do, Republic of Korea",14754,1959.2.26,www.stu.ac.kr,황덕형,032-340-9114,032-349-9400
대학,126,서울여자대학교,본교,대학교,서울,사립,고등교육법,정의학원,기존,首尔女子大学,Seoul Women's University,서울특별시 노원구 화랑로 621                    ,"621, Hwarang-ro, Nowon-gu, Seoul, Republic of Korea","621, Hwarang-ro, Nowon-gu, Seoul, Republic of Korea",1797,1960.12.12,www.swu.ac.kr,승현우,02-970-5114,02-3399-2843
대학,127,서울장신대학교,본교,대학교,경기,사립,고등교육법,광명학원,기존,首尔长神大学校,Seoul Jangsin University,경기도 광주시 경안로 145                        ,"145, Gyeongan-ro, Gwangju-si, Gyeonggi-do, Republic of Korea","145, Gyeongan-ro, Gwangju-si, Gyeonggi-do, Republic of Korea",12749,1984.12.21,www.sjs.ac.kr,황해국,031-799-9113,031-765-1232
대학,128,서원대학교,본교,대학교,충북,사립,고등교육법,서원학원,기존,西原大学校,Seowon University,충청북도 청주시 서원구 무심서로 377-3           ,"377-3, Musimseo-ro, Seowon-gu, Cheongju-si, Chungcheongbuk-do, Republic of Korea","377-3, Musimseo-ro, Seowon-gu, Cheongju-si, Chungcheongbuk-do, Republic of Korea",28674,1968.3.9,www.seowon.ac.kr,손석민,043-299-8114,043-283-8822
대학,129,선문대학교,본교,대학교,충남,사립,고등교육법,선학학원,기존,鲜文大学校,Sun Moon University,충청남도 아산시 탕정면 선문로221번길 70         ,"70, Sunmoon-ro 221beon-gil, Tangjeong-myeon, Asan-si, Chungcheongnam-do, Republic of Korea","70, Sunmoon-ro 221beon-gil, Tangjeong-myeon, Asan-si, Chungcheongnam-do, Republic of Korea",31460,1986.3.3,www.sunmoon.ac.kr,문성제,041-530-2114,041-541-7424
대학,131,성결대학교,본교,대학교,경기,사립,고등교육법,성결신학원,기존,圣洁大学,Sungkyul University,경기도 안양시 만안구 성결대학로 53              ,"53, Seonggyeoldaehak-ro, Manan-gu, Anyang-si, Gyeonggi-do, Republic of Korea","53, Seonggyeoldaehak-ro, Manan-gu, Anyang-si, Gyeonggi-do, Republic of Korea",14097,1965.1.13,www.sungkyul.ac.kr,김상식,031-467-8114,031-449-0529
대학,132,성공회대학교,본교,대학교,서울,사립,고등교육법,성공회대학교,기존,圣公会大学,Sungkonghoe University,서울특별시 구로구 연동로 320                    ,"320, Yeondong-ro, Guro-gu, Seoul, Republic of Korea","320, Yeondong-ro, Guro-gu, Seoul, Republic of Korea",8359,1992.12.23,www.skhu.ac.kr,김경문,02-2610-4114,02-2610-4248
대학,133,성균관대학교,본교,대학교,서울,사립,고등교육법,성균관대학,기존,成均馆大学,Sungkyunkwan University,서울특별시 종로구 성균관로 25-2                 ,"25-2, Seonggyungwan-ro, Jongno-gu, Seoul, Republic of Korea","25-2, Seonggyungwan-ro, Jongno-gu, Seoul, Republic of Korea",3063,1946.9.25,www.skku.edu,유지범,02-760-0114,02-760-1141
대학,136,성신여자대학교,본교,대학교,서울,사립,고등교육법,성신학원,기존,诚信女子大学,Sungshin Women'S University,서울특별시 성북구 보문로34다길 2                ,"2, Bomun-ro 34da-gil, Seongbuk-gu, Seoul, Republic of Korea","2, Bomun-ro 34da-gil, Seongbuk-gu, Seoul, Republic of Korea",2844,1965.1.13,www.sungshin.ac.kr,이성근,02-920-7114,02-920-2018
대학,137,세명대학교,본교,대학교,충북,사립,고등교육법,대원교육재단,기존,世明大学校,Semyung University,충청북도 제천시 세명로 65                       ,"65, Semyeong-ro, Jecheon-si, Chungcheongbuk-do, Republic of Korea","65, Semyeong-ro, Jecheon-si, Chungcheongbuk-do, Republic of Korea",27136,1990.11.28,www.semyung.ac.kr,권동현,043-645-1125,043-644-2111
대학,138,세종대학교,본교,대학교,서울,사립,고등교육법,대양학원,기존,世宗大学,Sejong University,서울특별시 광진구 능동로 209                    ,"209, Neungdong-ro, Gwangjin-gu, Seoul, Republic of Korea","209, Neungdong-ro, Gwangjin-gu, Seoul, Republic of Korea",5006,1978.10.7,www.sejong.ac.kr,배덕효,02-3408-3114,02-3408-3906
대학,139,수원가톨릭대학교,본교,대학교,경기,사립,고등교육법,광암학원,기존,水原加图立大学校,Suwon Catholic University,경기도 화성시 봉담읍 왕림1길 67                 ,"67, Wangnim 1-gil, Bongdam-eup, Hwaseong-si, Gyeonggi-do, Republic of Korea","67, Wangnim 1-gil, Bongdam-eup, Hwaseong-si, Gyeonggi-do, Republic of Korea",18332,1984.3.2,www.suwoncatholic.ac.kr,박찬호,031-290-8821,031-290-8899
대학,140,수원대학교,본교,대학교,경기,사립,고등교육법,고운학원,기존,水原大学敎,The University Of Suwon,경기도 화성시 봉담읍 와우안길 17                ,"17, Wauan-gil, Bongdam-eup, Hwaseong-si, Gyeonggi-do, Republic of Korea","17, Wauan-gil, Bongdam-eup, Hwaseong-si, Gyeonggi-do, Republic of Korea",18323,1981.12.26,www.suwon.ac.kr,임경숙,031-220-2114,02-745-8545
대학,141,숙명여자대학교,본교,대학교,서울,사립,고등교육법,숙명학원,기존,淑明女子大学,Sookmyung Women'S University,서울특별시 용산구 청파로47길 90                 ,"90, Cheongpa-ro 47-gil, Yongsan-gu, Seoul, Republic of Korea","90, Cheongpa-ro 47-gil, Yongsan-gu, Seoul, Republic of Korea",4310,1938.12.21,www.sookmyung.ac.kr/,장윤금,02-710-9114,02-2077-7481
대학,142,순천향대학교,본교,대학교,충남,사립,고등교육법,동은학원,기존,顺天鄕大学校,Soonchunhyang University,충청남도 아산시 신창면 순천향로 22              ,"22, Soonchunhyang-ro, Sinchang-myeon, Asan-si, Chungcheongnam-do, Republic of Korea","22, Soonchunhyang-ro, Sinchang-myeon, Asan-si, Chungcheongnam-do, Republic of Korea",31538,1978.3.1,www.sch.ac.kr/,김승우,041-530-1114,041-542-4615
대학,143,숭실대학교,본교,대학교,서울,사립,고등교육법,숭실대학교,기존,崇实大学,Soongsil University,서울특별시 동작구 상도로 369                    ,"369, Sangdo-ro, Dongjak-gu, Seoul, Republic of Korea","369, Sangdo-ro, Dongjak-gu, Seoul, Republic of Korea",6978,1897-10-10,www.ssu.ac.kr,장범식,02-820-0114,02-828-7143
대학,144,신라대학교,본교,대학교,부산,사립,고등교육법,박영학원,기존,新罗大学,Silla University,부산광역시 사상구 백양대로700번길 140           ,"140, Baegyang-daero 700beon-gil, Sasang-gu, Busan, Republic of Korea","140, Baegyang-daero 700beon-gil, Sasang-gu, Busan, Republic of Korea",46958,1969.12.27,www.silla.ac.kr,허남식,051-999-5000,051-999-5800
대학,145,아신대학교,본교,대학교,경기,사립,고등교육법,아세아연합신학대학원,기존,亚神大学校,ACTS University,경기도 양평군 옥천면 경강로 1276 아신대학교     ,"1276, Gyeonggang-ro, Okcheon-myeon, Yangpyeong-gun, Gyeonggi-do","1276, Gyeonggang-ro, Okcheon-myeon, Yangpyeong-gun, Gyeonggi-do",12508,1981.12.26,www.acts.ac.kr,정홍열,031-770-7700,031-772-5479
대학,146,아주대학교,본교,대학교,경기,사립,고등교육법,대우학원,기존,亚洲大学校,Ajou University,경기도 수원시 영통구 월드컵로 206               ,"206, World cup-ro, Yeongtong-gu, Suwon-si, Gyeonggi-do, Republic of Korea","206, World cup-ro, Yeongtong-gu, Suwon-si, Gyeonggi-do, Republic of Korea",16499,1973.3.15,www.ajou.ac.kr,최기주,031-219-2114,031-213-5158
대학,147,안양대학교,본교,대학교,경기,사립,고등교육법,우일학원,기존,安养大学校,Anyang University,경기도 안양시 만안구 삼덕로37번길 22            ,"22, Samdeok-ro 37beon-gil, Manan-gu, Anyang-si, Gyeonggi-do, Republic of Korea","22, Samdeok-ro 37beon-gil, Manan-gu, Anyang-si, Gyeonggi-do, Republic of Korea",14028,1948.9.17,www.anyang.ac.kr/main.do,박노준,031-467-0700,031-467-0778
대학,148,안양대학교,제2캠퍼스,대학교,인천,사립,고등교육법,우일학원,기존,安养大学校,Anyang University,인천광역시 강화군 불은면 중앙로 602-14          ,"602-14, Jungang-ro, Bureun-myeon, Ganghwa-gun, Incheon, Republic of Korea","602-14, Jungang-ro, Bureun-myeon, Ganghwa-gun, Incheon, Republic of Korea",23038,1948.9.17,www.anyang.ac.kr/main.do,박노준,032-930-6000,032-930-6215
대학,149,연세대학교,본교,대학교,서울,사립,고등교육법,연세대학교,기존,延世大学,Yonsei University,서울특별시 서대문구 연세로 50                   ,"50, Yonsei-ro, Seodaemun-gu, Seoul, Republic of Korea","50, Yonsei-ro, Seodaemun-gu, Seoul, Republic of Korea",3722,1957.1.5,www.yonsei.ac.kr,서승환,1599-1885,02-2123-8608
대학,150,연세대학교(미래),분교,대학교,강원,사립,고등교육법,연세대학교,기존,延世大学校 MIRAE Campus,Yonsei University MIRAE Campus,강원특별자치도 원주시 흥업면 연세대길 1 연세대학,"1 Yeonsedae-gil, Heungeop-myeon, Wonju-si, Gangwon-do","1 Yeonsedae-gil, Heungeop-myeon, Wonju-si, Gangwon-do",26493,1977.12.28,www.yonsei.ac.kr/wj,서승환,033-760-2114,033-762-4332
대학,151,영남대학교,본교,대학교,경북,사립,고등교육법,영남학원,기존,岭南大学,Yeungnam University,경상북도 경산시 대학로 280                      ,"280, Daehak-ro, Gyeongsan-si, Gyeongsangbuk-do, Republic of Korea","280, Daehak-ro, Gyeongsan-si, Gyeongsangbuk-do, Republic of Korea",38541,1967.12.22,www.yu.ac.kr,최외출,053-810-2114,053-810-2016
대학,153,영남신학대학교,본교,대학교,경북,사립,고등교육법,영남신학대학교,기존,嶺南神学大学校,Youngnam Theological University & Seminary,경상북도 경산시 진량읍 봉회1길 26               ,"26, Bonghoe 1-gil, Jillyang-eup, Gyeongsan-si, Gyeongsangbuk-do, Republic of Korea","26, Bonghoe 1-gil, Jillyang-eup, Gyeongsan-si, Gyeongsangbuk-do, Republic of Korea",38451,1993.12.17,www.ytus.ac.kr,권용근,053-850-0500,053-852-9815
대학,154,유원대학교,본교,대학교,충북,사립,고등교육법,금강학원,기존,唯元大学校,U1 University,충청북도 영동군 영동읍 대학로 310               ,"310, Daehak-ro, Yeongdong-eup, Yeongdong-gun, Chungcheongbuk-do, Republic of Korea","310, Daehak-ro, Yeongdong-eup, Yeongdong-gun, Chungcheongbuk-do, Republic of Korea",29131,1993.12.17,www.U1.ac.kr,채훈관,043-740-1114,043-740-1029
대학,155,영산선학대학교,본교,대학교,전남,사립,고등교육법,영산학원,기존,灵山禅学大学校,Youngsan University Of Seon Studies,전라남도 영광군 백수읍 성지로 1357              ,"1357, Seongji-ro, Baeksu-eup, Yeonggwang-gun, Jeollanam-do, Republic of Korea","1357, Seongji-ro, Baeksu-eup, Yeonggwang-gun, Jeollanam-do, Republic of Korea",57026,1997.3.3,www.youngsan.ac.kr,백형기,061-350-6015,061-350-6040
대학,156,용인대학교,본교,대학교,경기,사립,고등교육법,단호학원,기존,龙仁大学校,Yong In University,경기도 용인시 처인구 용인대학로 134             ,"134, Yongindaehak-ro, Cheoin-gu, Yongin-si, Gyeonggi-do, Republic of Korea","134, Yongindaehak-ro, Cheoin-gu, Yongin-si, Gyeonggi-do, Republic of Korea",17092,1953.6.15,www.yongin.ac.kr,한진수,031-8020-3114,031-332-6479
대학,157,우석대학교,본교,대학교,전북,사립,고등교육법,우석학원,기존,又石大学校,Woosuk University,전라북도 완주군 삼례읍 삼례로 443               ,"443, Samnye-ro, Samnye-eup, Wanju_Gun, Jeollabuk-do, Republic of Korea","443, Samnye-ro, Samnye-eup, Wanju_Gun, Jeollabuk-do, Republic of Korea",55338,1979.5.10,www.woosuk.ac.kr,남천현,063-290-1114,063-291-9312
대학,158,울산대학교,본교,대학교,울산,사립,고등교육법,울산공업학원,기존,蔚山大学校,University Of Ulsan,울산광역시 남구 대학로 93                       ,"93, Daehak-ro, Nam-gu, Ulsan, Republic of Korea","93, Daehak-ro, Nam-gu, Ulsan, Republic of Korea",44610,1970.3.16,www.ulsan.ac.kr,오연천,052-277-3101,052-277-1534
대학,159,원광대학교,본교,대학교,전북,사립,고등교육법,원광학원,기존,圆光大学校,Wonkwang University,전라북도 익산시 익산대로 460                    ,"460, Iksan-daero, Iksan-si, Jeollabuk-do, Republic of Korea","460, Iksan-daero, Iksan-si, Jeollabuk-do, Republic of Korea",54538,1951.9.5,www.wonkwang.ac.kr,박성태,063-850-5114,063-850-6666
대학,160,위덕대학교,본교,대학교,경북,사립,고등교육법,회당학원,기존,威德大学校,Uiduk University,경상북도 경주시 강동면 동해대로 261             ,"261, Donghae-daero, Gangdong-myeon, Gyeongju-si, Gyeongsangbuk-do, Republic of Korea","261, Donghae-daero, Gangdong-myeon, Gyeongju-si, Gyeongsangbuk-do, Republic of Korea",38004,1995.12.16,www.uu.ac.kr,김봉갑,054-760-1096,054-760-1059
대학,161,을지대학교,본교,대학교,대전,사립,고등교육법,을지학원,기존,乙支大学校,Eulji University,대전광역시 중구 계룡로771번길 77                ,"77, Gyeryong-ro 771beon-gil, Jung-gu, Daejeon, Republic of Korea","77, Gyeryong-ro 771beon-gil, Jung-gu, Daejeon, Republic of Korea",34824,1967.3.21,www.eulji.ac.kr,홍성희,1899-0001,042-259-1539
대학,162,을지대학교,제2캠퍼스,대학교,경기,사립,고등교육법,을지학원,기존,乙支大学校,Eulji University,경기도 성남시 수정구 산성대로 553               ,"553, Sanseong-daero, Sujeong-gu, Seongnam-si, Gyeonggi-do, Republic of Korea","553, Sanseong-daero, Sujeong-gu, Seongnam-si, Gyeonggi-do, Republic of Korea",13135,1967.3.21,www.eulji.ac.kr,홍성희,031-740-7424,031-740-7469
대학,163,이화여자대학교,본교,대학교,서울,사립,고등교육법,이화학당,기존,梨花女子大学校,Ewha Womans University,서울특별시 서대문구 이화여대길 52               ,"52, Ewhayeodae-gil, Seodaemun-gu, Seoul, Republic of Korea","52, Ewhayeodae-gil, Seodaemun-gu, Seoul, Republic of Korea",3760,1946.8.15,www.ewha.ac.kr,김은미,02-3277-2114,02-3277-3301
대학,164,인제대학교,본교,대학교,경남,사립,고등교육법,인제학원,기존,仁济大学校,Inje University,경상남도 김해시 인제로 197                      ,"197, Inje-ro, Gimhae-si, Gyeongsangnam-do, Republic of Korea","197, Inje-ro, Gimhae-si, Gyeongsangnam-do, Republic of Korea",50834,1979.1.12,www.inje.ac.kr,전민현,055-334-7111,055-334-0712
대학,166,인제대학교,제2캠퍼스,대학교,부산,사립,고등교육법,인제학원,기존,仁济大学校,Inje University,부산광역시 부산진구 복지로 75                   ,"75, Bokji-ro, Busanjin-gu, Busan, Republic of Korea","75, Bokji-ro, Busanjin-gu, Busan, Republic of Korea",47392,1979.1.12,www.inje.ac.kr,전민현,051-894-3421,051-895-1864
대학,167,인천가톨릭대학교,제2캠퍼스,대학교,인천,사립,고등교육법,인천가톨릭학원,기존,仁川加图立大学,Incheon Catholic University,인천광역시 연수구 송도문화로120번길 20          ,"20, Songdomunhwa-ro 120beon-gil, Yeonsu-gu, Incheon","20, Songdomunhwa-ro 120beon-gil, Yeonsu-gu, Incheon",21987,2010.3.1,www.iccu.ac.kr,송태일,032-830-7000,032-830-7025
대학,168,인천가톨릭대학교,본교,대학교,인천,사립,고등교육법,인천가톨릭학원,기존,仁川加图立大学,Incheon Catholic University,인천광역시 강화군 양도면 고려왕릉로 53-1        ,"53-1, Goryeowangneung-ro, Yangdo-myeon, Ganghwa-gun, Incheon, Republic of Korea","53-1, Goryeowangneung-ro, Yangdo-myeon, Ganghwa-gun, Incheon, Republic of Korea",23058,1996.3.1,www.iccu.ac.kr,송태일,032-930-8000,032-937-8118
대학,169,인하대학교,본교,대학교,인천,사립,고등교육법,정석인하학원,기존,仁荷大学校,Inha University,인천광역시 미추홀구 인하로 100                  ,"100, Inha-ro, Michuhol-gu, Incheon","100, Inha-ro, Michuhol-gu, Incheon",22212,1954.4.24,www.inha.ac.kr,조명우,032-860-7114,032-863-1333
대학,170,장로회신학대학교,본교,대학교,서울,사립,고등교육법,장로회신학대학교,기존,长老会神学大学校,Presbyterian University & Theological Seminary,서울특별시 광진구 광장로5길 25-1                ,"25-1, Gwangjang-ro 5-gil, Gwangjin-gu, Seoul, Republic of Korea","25-1, Gwangjang-ro 5-gil, Gwangjin-gu, Seoul, Republic of Korea",4965,1961.2.2,www.puts.ac.kr,김운용,02-450-0700,02-452-3460
대학,171,전주대학교,본교,대학교,전북,사립,고등교육법,신동아학원,기존,全州大学 ,Jeonju University,전라북도 전주시 완산구 천잠로 303               ,"303, Cheonjam-ro, Wansan-gu, Jeonju-si, Jeollabuk-do, Republic of Korea","303, Cheonjam-ro, Wansan-gu, Jeonju-si, Jeollabuk-do, Republic of Korea",55069,1953.5.5,www.jj.ac.kr,박진배,1577-7177,063-220-2072
대학,172,조선대학교,본교,대학교,광주,사립,고등교육법,조선대학교,기존,朝鲜大学,Chosun University,광주광역시 동구 조선대길 146                    ,"146 Chosundae-gil, Dong-gu, Gwangju","146 Chosundae-gil, Dong-gu, Gwangju",61452,1946.9.29,www.chosun.ac.kr,민영돈,062-230-7114,062-232-8834
대학,173,중부대학교,본교,대학교,충남,사립,고등교육법,중부학원,기존,中部大学,Joongbu University,충청남도 금산군 추부면 대학로 201               ,"201, Daehak-ro, Chubu-myeon, Geumsan-gun, Chungcheongnam-do, Republic of Korea","201, Daehak-ro, Chubu-myeon, Geumsan-gun, Chungcheongnam-do, Republic of Korea",32713,1993.3.1,www.joongbu.ac.kr,이정열,041-750-6500,041-750-6060
대학,174,중앙대학교,제2캠퍼스,대학교,경기,사립,고등교육법,중앙대학교,기존,中央大学,Chung-Ang University,경기도 안성시 대덕면 서동대로 4726              ,"4726, Seodong-daero, Daedeok-myeon, Anseong-si, Gyeonggi-do, Republic of Korea","4726, Seodong-daero, Daedeok-myeon, Anseong-si, Gyeonggi-do, Republic of Korea",17546,1916.10.17,www.cau.ac.kr,박상규,031-670-3114,031-675-1390
대학,175,중앙대학교,본교,대학교,서울,사립,고등교육법,중앙대학교,기존,中央大学,Chung-Ang University,서울특별시 동작구 흑석로 84                     ,"84, Heukseok-ro, Dongjak-gu, Seoul, Republic of Korea","84, Heukseok-ro, Dongjak-gu, Seoul, Republic of Korea",6974,1916.10.17,www.cau.ac.kr,박상규,02-820-5114,02-812-5384
대학,177,중앙승가대학교,본교,대학교,경기,사립,고등교육법,승가학원,기존,中央僧伽大学,Joong-Ang Sangha University,경기도 김포시 승가로 147                        ,"147, Seungga-ro, Gimpo-si, Gyeonggi-do, Republic of Korea","147, Seungga-ro, Gimpo-si, Gyeonggi-do, Republic of Korea",10118,1979.3.18,admission.sangha.ac.kr,천원배,031-980-7709,031-980-7778
대학,178,백석대학교,본교,대학교,충남,사립,고등교육법,백석대학교,기존,白石大学校,Baekseok University,충청남도 천안시 동남구 백석대학로 1             ,"1, Baekseokdaehak-ro, Dongnam-gu, Cheonan-si, Chungcheongnam-do","1, Baekseokdaehak-ro, Dongnam-gu, Cheonan-si, Chungcheongnam-do",31065,1994.3.1,www.bu.ac.kr,장종현,041-550-9114,041-550-9113
대학,179,청주대학교,본교,대학교,충북,사립,고등교육법,청석학원,기존,淸州大学校,Cheongju University,충청북도 청주시 청원구 대성로 298               ,"298, Daeseong-ro, Cheongwon-gu, Cheongju-si, Chungcheongbuk-do, Republic of Korea","298, Daeseong-ro, Cheongwon-gu, Cheongju-si, Chungcheongbuk-do, Republic of Korea",28503,1947.6.6,www.cju.ac.kr,김윤배,043-229-8114,043-229-8110
대학,180,총신대학교,본교,대학교,서울,사립,고등교육법,대한예수교장로회 총신대학교,기존,总神大学,Chongshin University,서울특별시 동작구 사당로 143                    ,"143, Sadang-ro, Dongjak-gu, Seoul, Republic of Korea","143, Sadang-ro, Dongjak-gu, Seoul, Republic of Korea",6988,1967.6.2,www.chongshin.ac.kr,이재서,02-3479-0200,02-593-6256
대학,181,추계예술대학교,본교,대학교,서울,사립,고등교육법,추계학원,기존,秋溪艺术大学,Chugye University For The Arts,서울특별시 서대문구 북아현로11가길 7            ,"7, Bugahyeon-ro 11ga-gil, Seodaemun-gu, Seoul, Republic of Korea","7, Bugahyeon-ro 11ga-gil, Seodaemun-gu, Seoul, Republic of Korea",3762,1996.12.11,www.chugye.ac.kr,임상혁,02-362-5700,02-362-4555
대학,182,한국침례신학대학교,본교,대학교,대전,사립,고등교육법,한국침례신학원,기존,韩国浸礼神学大学,Korea Baptist Theological University/Seminary,대전광역시 유성구 북유성대로 190                ,"190, Bugyuseong-daero, Yuseong-gu, Daejeon, Republic of Korea","190, Bugyuseong-daero, Yuseong-gu, Daejeon, Republic of Korea",34098,1973.12.22,www.kbtus.ac.kr,피영민,042-828-3114,042-825-1354
대학,184,칼빈대학교,본교,대학교,경기,사립,고등교육법,칼빈신학원,기존,加尔文大学,Calvin University,경기도 용인시 기흥구 마북로 184                 ,"184, Mabuk-ro, Giheung-gu, Yongin-si, Gyeonggi-do, Republic of Korea","184, Mabuk-ro, Giheung-gu, Yongin-si, Gyeonggi-do, Republic of Korea",16911,1997.3.3,www.calvin.ac.kr,황건영,031-284-4753,031-284-4588
대학,186,평택대학교,본교,대학교,경기,사립,고등교육법,피어선기념학원,기존,平泽大学,Pyeongtaek University,경기도 평택시 서동대로 3825                     ,"3825, Seodong-daero, Pyeongtaek-si, Gyeonggi-do, Republic of Korea","3825, Seodong-daero, Pyeongtaek-si, Gyeonggi-do, Republic of Korea",17869,1990.11.28,www.ptu.ac.kr,이동현,031-659-8114,031-659-8011
대학,187,차의과학대학교,본교,대학교,경기,사립,고등교육법,성광학원,기존,车医科学大学校 ,CHA University,경기도 포천시 해룡로 120                        ,"120, Haeryong-ro, Pocheon-si, Gyeonggi-do, Republic of Korea","120, Haeryong-ro, Pocheon-si, Gyeonggi-do, Republic of Korea",11160,1996.12.11,www.cha.ac.kr,김동익,1899-2010,031)543-2716
대학,188,포항공과대학교,본교,대학교,경북,사립,고등교육법,포항공과대학교,기존,浦项工科大学,Pohang University Of Science And Technology (Postech),경상북도 포항시 남구 청암로 77                  ,"77, Cheongam-ro, Nam-gu, Pohang-si, Gyeongsangbuk-do, Republic of Korea","77, Cheongam-ro, Nam-gu, Pohang-si, Gyeongsangbuk-do, Republic of Korea",37673,1986.12.3,www.postech.ac.kr,김무환,054-279-0114,054-279-2099
대학,189,한국기술교육대학교,본교,대학교,충남,사립,고등교육법,한국기술교육대학교,기존,韩国技术教育大学, Korea University of Technology and Education,충청남도 천안시 동남구 병천면 충절로 1600       ,"1600, Chungjeol-ro, Byeongcheon-myeon, Dongnam-gu, Cheonan-si, Chungcheongnam-do, Republic of Korea","1600, Chungjeol-ro, Byeongcheon-myeon, Dongnam-gu, Cheonan-si, Chungcheongnam-do, Republic of Korea",31253,1991.11.2,www.koreatech.ac.kr,유길상,041-560-1114,041-561-9504
대학,191,한국성서대학교,본교,대학교,서울,사립,고등교육법,한국복음주의학원,기존,韩国圣书大学校,Korean Bible University,서울특별시 노원구 동일로214길 32                ,"32, Dongil-ro 214-gil, Nowon-gu, Seoul, Republic of Korea","32, Dongil-ro 214-gil, Nowon-gu, Seoul, Republic of Korea",1757,1996.12.11,www.bible.ac.kr,강우정,02-950-5424,070-4275-0161
대학,192,한국외국어대학교,본교,대학교,서울,사립,고등교육법,동원육영회,기존,韩国外国语大学,Hankuk University Of Foreign Studies,서울특별시 동대문구 이문로 107                  ,"107, Imun-ro, Dongdaemun-gu, Seoul, Republic of Korea","107, Imun-ro, Dongdaemun-gu, Seoul, Republic of Korea",2450,1954.4.20,www.hufs.ac.kr,박정운,02-2173-2114,02-960-7898
대학,194,한국항공대학교,본교,대학교,경기,사립,고등교육법,정석인하학원,기존,韩国航空大学,Korea Aerospace University,경기도 고양시 덕양구 항공대학로 76              ,"76, Hanggongdaehak-ro, Deogyang-gu, Goyang-si, Gyeonggi-do, Republic of Korea","76, Hanggongdaehak-ro, Deogyang-gu, Goyang-si, Gyeonggi-do, Republic of Korea",10540,1952.6.16,www.kau.ac.kr,허희영,02-300-0114,02-3158-5769
대학,195,한남대학교,본교,대학교,대전,사립,고등교육법,대전기독학원,기존,韩南大学,Hannam University,대전광역시 대덕구 한남로 70                     ,"70, Hannam-ro, Daedeok-gu, Daejeon, Republic of Korea","70, Hannam-ro, Daedeok-gu, Daejeon, Republic of Korea",34430,1956.3.13,www.hannam.ac.kr,이광섭,042-629-7114,042-629-5874
대학,196,한동대학교,본교,대학교,경북,사립,고등교육법,한동대학교,기존,韩东国际大学,Handong Global University,경상북도 포항시 북구 흥해읍 한동로 558          ,"558, Handong-ro, Heunghae-eup, Buk-gu, Pohang-si, Gyeongsangbuk-do, Republic of Korea","558, Handong-ro, Heunghae-eup, Buk-gu, Pohang-si, Gyeongsangbuk-do, Republic of Korea",37554,1994.12.2,www.handong.edu,최도성,054-260-1111,054-260-1149
대학,197,한라대학교,본교,대학교,강원,사립,고등교육법,배달학원,기존,汉拿大学,Halla University,강원특별자치도 원주시 흥업면 한라대길 28        ,"28 Halladae-gil, Heungeop-myeon, Wonju-si, Gangwon-do","28 Halladae-gil, Heungeop-myeon, Wonju-si, Gangwon-do",26404,1997.3.1,www.halla.ac.kr,김응권,033-760-1114,033-762-6705
대학,198,한림대학교,본교,대학교,강원,사립,고등교육법,일송학원,기존,翰林大学,Hallym University,강원특별자치도 춘천시 한림대학길 1              ,"1 Hallymdaehak-gil, Chuncheon-si, Gangwon-do","1 Hallymdaehak-gil, Chuncheon-si, Gangwon-do",24252,1982.3.1,www.hallym.ac.kr,최양희,033-248-1000,033-248-3333
대학,199,한서대학교,본교,대학교,충남,사립,고등교육법,함주학원,기존,韩瑞大学校,Hanseo University,충청남도 서산시 해미면 한서1로 46               ,"46, Hanseo 1-ro, Haemi-myeon, Seosan-si, Chungcheongnam-do, Republic of Korea","46, Hanseo 1-ro, Haemi-myeon, Seosan-si, Chungcheongnam-do, Republic of Korea",31962,1991.11.15,www.hanseo.ac.kr,함기선,041-660-1144,041-660-1149
대학,200,한성대학교,본교,대학교,서울,사립,고등교육법,한성(漢城)학원,기존,汉城大学,Hansung University,서울특별시 성북구 삼선교로16길 116              ,"116, Samseongyo-ro 16-gil, Seongbuk-gu, Seoul, Republic of Korea","116, Samseongyo-ro 16-gil, Seongbuk-gu, Seoul, Republic of Korea",2876,1972.12.21,www.hansung.ac.kr,이창원,02-760-4231,02-745-8943
대학,201,한세대학교,본교,대학교,경기,사립,고등교육법,한세대학교,기존,韩世大学,Hansei University,경기도 군포시 한세로 30                         ,"30, Hanse-ro, Gunpo-si, Gyeonggi-do, Republic of Korea","30, Hanse-ro, Gunpo-si, Gyeonggi-do, Republic of Korea",15852,1953.5.10,www.hansei.ac.kr,유대현(직무대행),031-450-5114,031-450-5124
대학,202,한신대학교,본교,대학교,경기,사립,고등교육법,한신학원,기존,韩信大学,Hanshin University,경기도 오산시 한신대길 137                      ,"137, Hanshindae-gil, Osan-si, Gyeonggi-do, Republic of Korea","137, Hanshindae-gil, Osan-si, Gyeonggi-do, Republic of Korea",18101,1940.4.19,www.hs.ac.kr,강성영,031-379-0114,031-379-0039
대학,203,한양대학교,본교,대학교,서울,사립,고등교육법,한양학원,기존,汉阳大学,Hanyang University,서울특별시 성동구 왕십리로 222                  ,"222, Wangsimni-ro, Seongdong-gu, Seoul, Republic of Korea","222, Wangsimni-ro, Seongdong-gu, Seoul, Republic of Korea",4763,1948.7.1,www.hanyang.ac.kr,이기정,02-2220-0114,02-2220-0199
대학,204,한양대학교(ERICA),분교,대학교,경기,사립,고등교육법,한양학원,기존,汉阳大学ERICA校区,Hanyang University Erica Campus,경기도 안산시 상록구 한양대학로 55              ,"55, Hanyangdaehak-ro, Sangnok-gu, Ansan-si, Gyeonggi-do, Republic of Korea","55, Hanyangdaehak-ro, Sangnok-gu, Ansan-si, Gyeonggi-do, Republic of Korea",15588,1979.1.10,www.hanyang.ac.kr,김우승,031-400-5114,031-406-2809
대학,205,서울한영대학교,본교,대학교,서울,사립,고등교육법,학교법인 한영신학대학교,기존,首尔韩荣大学,Seoul Hanyoung University,서울특별시 구로구 경인로 290-42                 ,"290-42, Gyeongin-ro, Guro-gu, Seoul","290-42, Gyeongin-ro, Guro-gu, Seoul",8274,1996.11.11,shyu.ac.kr,한영훈,02-2669-2200,02-2669-2211
대학,206,한일장신대학교,본교,대학교,전북,사립,고등교육법,한일신학,기존,韩一长神大学校,Haniluniv.&Presb.Theol.Sem.,전라북도 완주군 상관면 왜목로 726-15            ,"726-15, Waemok-ro, Sanggwan-myeon, Wanju_Gun, Jeollabuk-do, Republic of Korea","726-15, Waemok-ro, Sanggwan-myeon, Wanju_Gun, Jeollabuk-do, Republic of Korea",55359,1995.3.1,www.hanil.ac.kr,채은하,063-230-5408,063-230-5679
대학,207,협성대학교,본교,대학교,경기,사립,고등교육법,삼일학원,기존,协成大学校,Hyupsunguniversity,경기도 화성시 봉담읍 최루백로 72                ,"72, Choerubaek-ro, Bongdam-eup, Hwaseong-si, Gyeonggi-do, Republic of Korea","72, Choerubaek-ro, Bongdam-eup, Hwaseong-si, Gyeonggi-do, Republic of Korea",18330,1983.3.4,www.uhs.ac.kr,신동욱,031-299-0900,031-227-3131
대학,208,호남대학교,본교,대학교,광주,사립,고등교육법,성인학원,기존,湖南大学校,Honam University,광주광역시 광산구 호남대길 120                  ,"417, Eodeung-daero, Gwangsan-gu, Gwangju, Republic of Korea","417, Eodeung-daero, Gwangsan-gu, Gwangju, Republic of Korea",62399,1981.7.31,www.honam.ac.kr,박상철,062-940-5000,062-940-5005
대학,209,호남신학대학교,본교,대학교,광주,사립,고등교육법,호남신학대학교,기존,湖南神学大学,Honam Theological University & Seminary,광주광역시 남구 제중로 77                       ,"77, Jejung-ro, Nam-gu, Gwangju, Republic of Korea","77, Jejung-ro, Nam-gu, Gwangju, Republic of Korea",61642,1972.2.16,www.htus.ac.kr,최흥진,062-650-1552,062-675-1552
대학,211,호서대학교,본교,대학교,충남,사립,고등교육법,호서학원,기존,湖西大学校,Hoseo University,충청남도 아산시 배방읍 호서로79번길 20          ,"20, Hoseo-ro 79beon-gil, Baebang-eup, Asan-si, Chungcheongnam-do, Republic of Korea","20, Hoseo-ro 79beon-gil, Baebang-eup, Asan-si, Chungcheongnam-do, Republic of Korea",31499,1980.12.29,www.hoseo.ac.kr,강일구,041-540-5114,041-540-5159
대학,212,홍익대학교,본교,대학교,서울,사립,고등교육법,홍익학원,기존,弘益大学校,Hongik University,서울특별시 마포구 와우산로 94                   ,"94, Wausan-ro, Mapo-gu, Seoul, Republic of Korea","94, Wausan-ro, Mapo-gu, Seoul, Republic of Korea",4066,1946.4.25,www.hongik.ac.kr/,서종욱,02-320-1114,02-320-1122
대학,215,가톨릭꽃동네대학교,본교,대학교,충북,사립,고등교육법,꽃동네현도학원,기존,가톨릭꽃동네大学校,Catholic Kkottongnae University,충청북도 청주시 서원구 현도면 상삼길 133        ,"133, Sangsam-gil, Hyeundo-myeon, Seowon-gu, Cheongju-si, Chungcheongbuk-do, Republic of Korea","133, Sangsam-gil, Hyeundo-myeon, Seowon-gu, Cheongju-si, Chungcheongbuk-do, Republic of Korea",28211,1998.11.30,www.kkot.ac.kr,황선대,043-270-0109,043-270-0120
대학,216,남부대학교,본교,대학교,광주,사립,고등교육법,우암학원,기존,南部大学校,Nambu University,광주광역시 광산구 남부대길 1                    ,"1, Nambudae-gil, Gwangsan-gu, Gwangju","1, Nambudae-gil, Gwangsan-gu, Gwangju",62271,1999.3.12,www.nambu.ac.kr,서범석,062-970-0001,062-972-6200
대학,218,예원예술대학교,본교,대학교,전북,사립,고등교육법,예원예술대학교,기존,艺苑艺术大学校,Yewon Arts University,전라북도 임실군 신평면 창인로 117               ,"117, Changin-ro, Sinpyeong-myeon, Imsil-gun, Jeollabuk-do, Republic of Korea","117, Changin-ro, Sinpyeong-myeon, Imsil-gun, Jeollabuk-do, Republic of Korea",55913,2000.3.2,www.yewon.ac.kr,김홍대,063-640-7114,063-640-7773
대학,219,예원예술대학교,제2캠퍼스,대학교,경기,사립,고등교육법,예원예술대학교,기존,艺苑艺术大学校,Yewon Arts University,경기도 양주시 은현면 예원대학로 56              ,"56, Yewondaehak-ro, Eunhyeon-myeon, Yangju-si, Gyeonggi-do","56, Yewondaehak-ro, Eunhyeon-myeon, Yangju-si, Gyeonggi-do",11429,2014.3.1,www.yewon.ac.kr,김홍대,031-869-0526,031-859-8114
대학,221,목포가톨릭대학교,본교,대학교,전남,사립,고등교육법,골롬반학원,기존,木浦CATHOLIC大学,Mokpo Catholic University,전라남도 목포시 영산로 697                      ,"697, Yeongsan-ro, Mokpo-si, Jeollanam-do, Republic of Korea","697, Yeongsan-ro, Mokpo-si, Jeollanam-do, Republic of Korea",58607,1999.12.17,www.mcu.ac.kr,김용운,061-280-5102,061-280-5109
대학,222,부산장신대학교,본교,대학교,경남,사립,고등교육법,부산장신대학교,기존,釜山长神大学（四年本科）,Busan Presbyterian University,경상남도 김해시 김해대로 1894-68                ,"1894-68, Gimhae-daero, Gimhae-si, Gyeongsangnam-do, Republic of Korea","1894-68, Gimhae-daero, Gimhae-si, Gyeongsangnam-do, Republic of Korea",50883,2000.11.29,www.bpu.ac.kr,천병석,055-320-2500,055-339-1161
대학,224,금강대학교,본교,대학교,충남,사립,고등교육법,금강대학교,기존,金刚大学校,Geumgang University,충청남도 논산시 상월면 상월로 522               ,"522, Sangwol-ro, Sangwol-myeon, Nonsan-si, Chungcheongnam-do, Republic of Korea","522, Sangwol-ro, Sangwol-myeon, Nonsan-si, Chungcheongnam-do, Republic of Korea",32906,2002.11.16,www.ggu.ac.kr,서문성(총장 직무대행),041-731-3114,041-731-3319
대학,228,예수대학교,본교,대학교,전북,사립,고등교육법,예수대학교,기존,耶稣大学校,Jesus University,전라북도 전주시 완산구 서원로 383               ,"383, Seowon-ro, Wansan-gu, Jeonju-si, Jeollabuk-do, Republic of Korea","383, Seowon-ro, Wansan-gu, Jeonju-si, Jeollabuk-do, Republic of Korea",54989,2003.3.1,www.jesus.ac.kr,김찬기,063-230-7700,063-286-2216
대학,231,광주대학교,본교,대학교,광주,사립,고등교육법,호심학원,기존,光州大学校,Gwangju University,광주광역시 남구 효덕로 277                      ,"277, Hyodeok-ro, Nam-gu, Gwangju, Republic of Korea","277, Hyodeok-ro, Nam-gu, Gwangju, Republic of Korea",61743,2004.3.1,www.gwangju.ac.kr,김동진,062-670-2114,062-674-0078
대학,233,화성의과학대학교,본교,대학교,경기,사립,고등교육법,신경학원,기존,華城醫科學大学校,HWASUNG MEDI-SCIENCE UNIVERSITY,경기도 화성시 남양읍 남양중앙로 400-5           ,"400-5 Namyangjungang-ro, Namyang-eup, Hwaseong-si, Gyeonggi-do","400-5 Namyangjungang-ro, Namyang-eup, Hwaseong-si, Gyeonggi-do",18274,2004.4.7,www.hsmu.ac.kr/,김진영,031-369-9100,031-369-9116
대학,235,동명대학교,본교,대학교,부산,사립,고등교육법,동명문화학원,기존,东明大学,Tongmyong University,부산광역시 남구 신선로 428                      ,"428, Sinseon-ro, Nam-gu, Busan, Republic of Korea","428, Sinseon-ro, Nam-gu, Busan, Republic of Korea",48520,2006.3.1,www.tu.ac.kr,전호환,051-629-1000,051-629-0619
대학,236,영산대학교,본교,대학교,경남,사립,고등교육법,성심학원,기존,靈山大学校,Youngsan University,경상남도 양산시 주남로 288                      ,"288, Junam-ro, Yangsan-si, Gyeongsangnam-do","288, Junam-ro, Yangsan-si, Gyeongsangnam-do",50510,2005.12.21,www.ysu.ac.kr,부구욱,055-380-9114,055-366-4374
대학,237,영산대학교,제2캠퍼스,대학교,부산,사립,고등교육법,성심학원,기존,靈山大学校,Youngsan University,부산광역시 해운대구 반송순환로 142              ,"142, Bansongsunhwan-ro, Haeundae-gu, Busan","142, Bansongsunhwan-ro, Haeundae-gu, Busan",48015,2005.12.21,www.ysu.ac.kr,부구욱,051-540-7000,051-543-9347
대학,238,대전신학대학교,본교,대학교,대전,사립,고등교육법,대전신학대학교,기존,大田神学大学校,Daejeon Theological University,대전광역시 대덕구 한남로 41                     ,"41, Hannam-ro, Daedeok-gu, Daejeon, Republic of Korea","41, Hannam-ro, Daedeok-gu, Daejeon, Republic of Korea",34432,2009.3.1,www.daejeon.ac.kr,김영권,042-606-0114,042-621-0821
대학,239,중원대학교,본교,대학교,충북,사립,고등교육법,대진교육재단,기존,中源大学校,Jungwon University,충청북도 괴산군 괴산읍 문무로 85                ,"85, Munmu-ro, Goesan-eup, Goesan-gun, Chungcheongbuk-do, Republic of Korea","85, Munmu-ro, Goesan-eup, Goesan-gun, Chungcheongbuk-do, Republic of Korea",28024,2009.3.2,www.jwu.ac.kr,황윤원,043-830-8114,043-830-8115
대학,240,우송대학교,본교,대학교,대전,사립,고등교육법,우송학원,기존,又松大学,Woosong University,대전광역시 동구 동대전로 171                    ,"171, Dongdaejeon-ro, Dong-gu, Daejeon, Republic of Korea","171, Dongdaejeon-ro, Dong-gu, Daejeon, Republic of Korea",34606,1995.3.1,www.wsu.ac.kr,오덕성,042-630-9600,042-631-2346
대학,241,김천대학교,본교,대학교,경북,사립,고등교육법,김천대학교,기존,金泉大学校,Gimcheon University,경상북도 김천시 대학로 214                      ,"214, Daehak-ro, Gimcheon-si, Gyeongsangbuk-do, Republic of Korea","214, Daehak-ro, Gimcheon-si, Gyeongsangbuk-do, Republic of Korea",39528,2010.3.1,www.gimcheon.ac.kr,윤옥현,054-420-4000,054-420-4003
대학,243,송원대학교,본교,대학교,광주,사립,고등교육법,송원대학교,기존,松源大学校,Songwon University,광주광역시 남구 송암로 73                       ,"73, Songamro, Nam-gu, Gwangju, Republic of Korea","73, Songamro, Nam-gu, Gwangju, Republic of Korea",61756,2012.3.1,www.songwon.ac.kr,최수태,062-360-5700,062-360-5756
대학,244,경운대학교,본교,대학교,경북,사립,고등교육법,숭선학원,기존,庆云大学校,Kyungwoon University,경상북도 구미시 산동면 강동로 730               ,"730, Gangdong-ro, Sandong-myeon, Gumi-si, Gyeongsangbuk-do, Republic of Korea","730, Gangdong-ro, Sandong-myeon, Gumi-si, Gyeongsangbuk-do, Republic of Korea",39160,2012.3.1,www.ikw.ac.kr,김동제,054-479-1114,054-479-1209
대학,245,남서울대학교,본교,대학교,충남,사립,고등교육법,성암학원,기존,NAMSEOUL大學校,Namseoul University,충청남도 천안시 서북구 성환읍 대학로 91         ,"91, Daehak-ro, Seonghwan-eup, Seobuk-gu, Cheonan-si, Chungcheongnam-do, Republic of Korea","91, Daehak-ro, Seonghwan-eup, Seobuk-gu, Cheonan-si, Chungcheongnam-do, Republic of Korea",31020,1994.4.14,www.nsu.ac.kr/,윤승용,041-580-2000,041-582-2117
대학,246,초당대학교,본교,대학교,전남,사립,고등교육법,초당학원,기존,草堂大学校,Chodang University,전라남도 무안군 무안읍 무안로 380               ,"380, Muan-ro, Muan-eup, Muan-gun, Jeollanam-do, Republic of Korea","380, Muan-ro, Muan-eup, Muan-gun, Jeollanam-do, Republic of Korea",58530,1994.3.7,www.cdu.ac.kr,박종구,061-450-1036,061-450-1039
대학,247,한국공학대학교,본교,대학교,경기,사립,고등교육법,한국산업기술대학,기존,韩国工学大学校,Tech University of Korea,경기도 시흥시 산기대학로 237                    ,"237 Sangidaehak-ro, Siheung-si, Gyeonggi-do","237 Sangidaehak-ro, Siheung-si, Gyeonggi-do",15073,1998.3.7,www.tukorea.ac.kr,박건수,031-8041-1000,031-8041-0009
대학,248,제주국제대학교,본교,대학교,제주,사립,고등교육법,동원교육학원,기존,济州国际大学校,Jejuinternationaluniversity,제주특별자치도 제주시 516로 2870                ,"2870, 516-ro, Jeju-si, Jeju-do, Republic of Korea","2870, 516-ro, Jeju-si, Jeju-do, Republic of Korea",63309,2012.3.1,www.jeju.ac.kr,김대영,064-754-0215,064-702-8330
대학,249,창신대학교,본교,대학교,경남,사립,고등교육법,학교법인 우정학원,기존,昌信大学,Changshin University,경상남도 창원시 마산회원구 팔용로 262           ,"262, Paryong-ro, Masanhoewon-gu, Changwon-si, Gyeongsangnam-do, Republic of Korea","262, Paryong-ro, Masanhoewon-gu, Changwon-si, Gyeongsangnam-do, Republic of Korea",51352,2013.3.4,www.cs.ac.kr,이원근,055-250-3001,055-297-5181
대학,250,울산과학기술원,본교,대학교,울산,특별법법인,특별법법인,울산과학기술원,기존,蔚山科学技术院,Ulsan National Institute of Science and Technology,울산광역시 울주군 언양읍 유니스트길 50          ,"50, UNIST-gil, Eonyang-eup, Ulju-gun, Ulsan, Republic of Korea","50, UNIST-gil, Eonyang-eup, Ulju-gun, Ulsan, Republic of Korea",44919,2009.3.2,www.unist.ac.kr,이용훈,052-217-0114,052-217-1149
대학,251,공주교육대학교,본교,교육대학,충남,국립,고등교육법,해당없음,기존,公州教育大学校,Gongju National University Of Education,충청남도 공주시 웅진로 27                       ,"27, Ungjin-ro, Gongju-si, Chungcheongnam-do, Republic of Korea","27, Ungjin-ro, Gongju-si, Chungcheongnam-do, Republic of Korea",32553,1938.4.1,www.gjue.ac.kr,직무대리 이범웅,041-850-1377,041-850-1374
대학,252,광주교육대학교,본교,교육대학,광주,국립,고등교육법,해당없음,기존,光州教育大学校,Gwangju National University Of Education,광주광역시 북구 필문대로 55                     ,"55, Pilmun-daero, Buk-gu, Gwangju, Republic of Korea","55, Pilmun-daero, Buk-gu, Gwangju, Republic of Korea",61204,1963.3.1,www.gnue.ac.kr,허승준,062-520-4114,062-524-6022
대학,253,대구교육대학교,본교,교육대학,대구,국립,고등교육법,해당없음,기존,大邱教育大学校,Daegu National University Of Education,대구광역시 남구 중앙대로 219                    ,"219, Jungang-daero, Nam-gu, Daegu, Republic of Korea","219, Jungang-daero, Nam-gu, Daegu, Republic of Korea",42411,1950.3.25,www.dnue.ac.kr,박판우,053-620-1202,053-651-5369
대학,254,부산교육대학교,본교,교육대학,부산,국립,고등교육법,해당없음,기존,釜山教育大学校,Busan National University Of Education,부산광역시 연제구 교대로 24                     ,"24, Gyodae-ro, Yeonje-gu, Busan, Republic of Korea","24, Gyodae-ro, Yeonje-gu, Busan, Republic of Korea",47503,1946.9.2,www.bnue.ac.kr,박수자,051-500-7141,051-505-4908
대학,255,서울교육대학교,본교,교육대학,서울,국립,고등교육법,해당없음,기존,首尔教育大学校,Seoul National University Of Education,서울특별시 서초구 서초중앙로 96                 ,"96, Seochojungang-ro, Seocho-gu, Seoul, Republic of Korea","96, Seochojungang-ro, Seocho-gu, Seoul, Republic of Korea",6639,1946.5.22,www.snue.ac.kr,임채성,02-3475-2114,02-581-7711
대학,256,경인교육대학교,본교,교육대학,인천,국립,고등교육법,해당없음,기존,京仁教育大学校,Gyeongin National University Of Education,인천광역시 계양구 계산로 62                     ,"62, Gyesan-ro, Gyeyang-gu, Incheon, Republic of Korea","62, Gyesan-ro, Gyeyang-gu, Incheon, Republic of Korea",21044,1962.2.17,www.ginue.ac.kr,김창원,032-540-1114,032-541-0580
대학,257,경인교육대학교,제2캠퍼스,교육대학,경기,국립,고등교육법,해당없음,기존,京仁教育大学校,Gyeongin National University Of Education,경기도 안양시 만안구 삼막로 155                 ,"155, Sammak-ro, Manan-gu, Anyang-si, Gyeonggi-do, Republic of Korea","155, Sammak-ro, Manan-gu, Anyang-si, Gyeonggi-do, Republic of Korea",13910,2005.3.1,www.ginue.ac.kr,김창원,031-470-6114,031-470-6139
대학,258,전주교육대학교,본교,교육대학,전북,국립,고등교육법,해당없음,기존,全州教育大学校,Jeonju National University Of Education,전라북도 전주시 완산구 서학로 50                ,"50, Seohak-ro, Wansan-gu, Jeonju-si, Jeollabuk-do, Republic of Korea","50, Seohak-ro, Wansan-gu, Jeonju-si, Jeollabuk-do, Republic of Korea",55101,1963.3.1,www.jnue.kr,박병춘,063-281-7114,063-281-0102
대학,260,진주교육대학교,본교,교육대학,경남,국립,고등교육법,해당없음,기존,晋州教育大学校,Chinju National Uinversity Of Education,경상남도 진주시 진양호로369번길 3               ,"3, Jinyangho-ro 369beon-gil, Jinju-si, Gyeongsangnam-do, Republic of Korea","3, Jinyangho-ro 369beon-gil, Jinju-si, Gyeongsangnam-do, Republic of Korea",52673,1963.1.1,www.cue.ac.kr,유길한,055-740-1114,055-745-8741
대학,261,청주교육대학교,본교,교육대학,충북,국립,고등교육법,해당없음,기존,淸州教育大学校,Chongjunationaluniversityofeducation,충청북도 청주시 서원구 청남로 2065              ,"2065, Cheongnam-ro, Seowon-gu, Cheongju-si, Chungcheongbuk-do, Republic of Korea","2065, Cheongnam-ro, Seowon-gu, Cheongju-si, Chungcheongbuk-do, Republic of Korea",28690,1962.2.17,www.cje.ac.kr,이혁규,043-299-0632,043-299-0797
대학,262,춘천교육대학교,본교,교육대학,강원,국립,고등교육법,해당없음,기존,春川敎育大学校,Chuncheon National University Of Education,강원특별자치도 춘천시 공지로 126                ,"126 Gongji-ro, Chuncheon-si, Gangwon-do","126 Gongji-ro, Chuncheon-si, Gangwon-do",24328,1939.4.1,www.cnue.ac.kr,이주한,033-260-6000,033-260-6162
대학,263,한밭대학교(산업대),본교,산업대학,대전,국립,고등교육법,해당없음,폐교,韩巴大学,Hanbat National University,대전광역시 유성구 동서대로 125                  ,"125, Dongseo-daero, Yuseong-gu, Daejeon, Republic of Korea","125, Dongseo-daero, Yuseong-gu, Daejeon, Republic of Korea",34158,1927.5.20,www.hanbat.ac.kr,최병욱,042-821-1114,042-825-5395
대학,268,한경대학교(산업대),본교,산업대학,경기,국립,고등교육법,해당없음,폐교,韓京大學校,Hankyong National University,경기도 안성시 중앙로 327                        ,"327, Jungang-ro, Anseong-si, Gyeonggi-do, Republic of Korea","327, Jungang-ro, Anseong-si, Gyeonggi-do, Republic of Korea",17579,1993.3.1,www.hknu.ac.kr,태범석,031-670-5114,031-670-5469
대학,269,진주산업대학교(산업대),본교,산업대학,경남,국립,고등교육법,해당없음,폐교,晋州産業大學校,Jinju National University,경상남도 진주시 동진로 33                       ,"33, Dongjin-ro, Jinju-si, Gyeongsangnam-do, Republic of Korea","33, Dongjin-ro, Jinju-si, Gyeongsangnam-do, Republic of Korea",52725,1910.4.30,www.gntech.ac.kr,김남경,055-751-3114,055-752-9554
대학,272,한국산업기술대학교(산업대),본교,산업대학,경기,사립,고등교육법,한국산업기술대학,폐교,韓國産業技術大學校,Korea Polytechnic University,경기도 시흥시 산기대학로 237                    ,"237, Sangidaehak-ro, Siheung-si, Gyeonggi-do, Republic of Korea","237, Sangidaehak-ro, Siheung-si, Gyeonggi-do, Republic of Korea",15073,1998.3.7,www.kpu.ac.kr,박철우,031-8041-0214,031-8041-0219
대학,273,한국방송통신대학교,본교,방송통신대학,서울,국립,고등교육법,해당없음,기존,韩国放送通信大学校,Korea National Open University,서울특별시 종로구 대학로 86                     ,"86, Daehak-ro, Jongno-gu, Seoul, Republic of Korea","86, Daehak-ro, Jongno-gu, Seoul, Republic of Korea",3087,1972.3.9,www.knou.ac.kr,고성환,1577-9995,02-3673-2382
대학,276,남서울대학교(산업대),본교,산업대학,충남,사립,고등교육법,성암학원,폐교,南首尔大学(产业大学),Namseoul University,충청남도 천안시 서북구 성환읍 대학로 91         ,"91, Daehak-ro, Seonghwan-eup, Seobuk-gu, Cheonan-si, Chungcheongnam-do, Republic of Korea","91, Daehak-ro, Seonghwan-eup, Seobuk-gu, Cheonan-si, Chungcheongnam-do, Republic of Korea",31020,1994.4.14,www.nsu.ac.kr,공정자,041-580-2513,041-584-2024
대학,281,우송대학교(산업대),본교,산업대학,대전,사립,고등교육법,우송학원,폐교,又松大學校,Woosong University,대전광역시 동구 동대전로 171                    ,"171, Dongdaejeon-ro, Dong-gu, Daejeon, Republic of Korea","171, Dongdaejeon-ro, Dong-gu, Daejeon, Republic of Korea",34606,1995.3.1,www.wsu.ac.kr,존 엔디컷,042-630-9652,042-631-2346
대학,282,호원대학교,본교,산업대학,전북,사립,고등교육법,정은학원,기존,湖原大学校,Howon University,전라북도 군산시 임피면 호원대3길 64             ,"64, Howondae 3-gil, Impi-myeon, Gunsan-si, Jeollabuk-do, Republic of Korea","64, Howondae 3-gil, Impi-myeon, Gunsan-si, Jeollabuk-do, Republic of Korea",54058,1978.3.2,www.howon.ac.kr,강희성,063-450-7114,063-450-7777
대학,283,초당대학교(산업대),본교,산업대학,전남,사립,고등교육법,초당학원,폐교,草堂大學校,Chodang University,전라남도 무안군 무안읍 무안로 380               ,"380, Muan-ro, Muan-eup, Muan-gun, Jeollanam-do, Republic of Korea   ","380, Muan-ro, Muan-eup, Muan-gun, Jeollanam-do, Republic of Korea   ",58530,1994.3.7,www.chodang.ac.kr,박종구,061-450-1032,061-453-4567
대학,284,청운대학교,본교,산업대학,충남,사립,고등교육법,혜전학원,기존,青云大学,Chungwoon University,충청남도 홍성군 홍성읍 대학길 25                ,"25, Daehak-gil, Hongseong-eup, Hongseong-gun, Chungcheongnam-do, Republic of Korea","25, Daehak-gil, Hongseong-eup, Hongseong-gun, Chungcheongnam-do, Republic of Korea",32244,1994.12.3,www.chungwoon.ac.kr,정윤,041-630-3114,041-634-8700
대학,285,경운대학교(산업대),본교,산업대학,경북,사립,고등교육법,숭선학원,폐교,庆云大学校,Kyungwoon University,경상북도 구미시 산동면 강동로 730               ,"730, Gangdong-ro, Sandong-myeon, Gumi-si, Gyeongsangbuk-do, Republic of Korea","730, Gangdong-ro, Sandong-myeon, Gumi-si, Gyeongsangbuk-do, Republic of Korea",39160,1997.3.1,www.ikw.ac.kr,한성욱,054-479-1114,054-479-1209
대학,288,정석대학,본교,기술대학,서울,사립,고등교육법,한진학원,기존,静石大学,Jungseok Institute Of Technology,서울특별시 강서구 오정로 576                    ,"576, Ojeong-ro, Gangseo-gu, Seoul, Republic of Korea","576, Ojeong-ro, Gangseo-gu, Seoul, Republic of Korea",7505,2000.3.1,,강두석,02-2660-5392,02-2660-5394
대학,317,순복음총회신학교,본교,각종학교(대학),충북,사립,고등교육법,순총학원,기존,纯福音教会神学院,Korea Christian College,충청북도 제천시 덕산면 도전로 320               ,"320, Dojeon-ro, Deoksan-myeon, Jecheon-si, Chungcheongbuk-do, Republic of Korea","320, Dojeon-ro, Deoksan-myeon, Jecheon-si, Chungcheongbuk-do, Republic of Korea",27223,2010.3.8,www.kcc.ac.kr,유영희,043-645-5571,043-642-4530
대학,318,경희사이버대학교,본교,사이버대학(대학),서울,사립,고등교육법,경희학원,기존,庆熙网络大学,Kyung Hee Cyber University,서울특별시 동대문구 경희대로 26                 ,"26, Kyungheedae-ro, Dongdaemun-gu, Seoul, Republic of Korea","26, Kyungheedae-ro, Dongdaemun-gu, Seoul, Republic of Korea",2447,2001.3.3,www.khcu.ac.kr,변창구,02-3299-8700,02-3299-8729
대학,319,국제사이버대학교,본교,사이버대학(대학),경기,사립,고등교육법,광동학원,기존,国际网络大学,Gukje Cyber University,경기도 수원시 팔달구 경수대로 490               ,"490, Gyeongsu-daero, Paldal-gu, Suwon-si, Gyeonggi-do, Republic of Korea","490, Gyeongsu-daero, Paldal-gu, Suwon-si, Gyeonggi-do, Republic of Korea",16487,2003.3.1,www.gjcu.ac.kr,박영규,031-229-6212,031-267-0750
대학,320,대구사이버대학교,본교,사이버대학(대학),경북,사립,고등교육법,영광학원,기존,大邱网络大学校,Daegu Cyber University,경상북도 경산시 진량읍 대구대로 201             ,"201, Daegudae-ro, Jillyang-eup, Gyeongsan-si, Gyeongsangbuk-do, Republic of Korea","201, Daegudae-ro, Jillyang-eup, Gyeongsan-si, Gyeongsangbuk-do, Republic of Korea",38453,2001.11.10,www.dcu.ac.kr,이근용,053-859-7500,053-859-7599
대학,321,부산디지털대학교,본교,사이버대학(대학),부산,사립,고등교육법,동서학원,기존,釜山数码大学,Busandigital University,부산광역시 사상구 주례로 57                     ,"57, Jurye-ro, Sasang-gu, Busan, Republic of Korea","57, Jurye-ro, Sasang-gu, Busan, Republic of Korea",47011,2001.11.1,www.bdu.ac.kr,양상백,051-320-2785,051-320-2787
대학,322,서울디지털대학교,본교,사이버대학(대학),서울,사립,고등교육법,서울디지털대학교,기존,首尔数码大学,Seoul Digital University,서울특별시 강서구 공항대로 424                  ,"424, Gonghang-daero, Gangseo-gu, Seoul, Republic of Korea","424, Gonghang-daero, Gangseo-gu, Seoul, Republic of Korea",7654,2001.3.1,www.sdu.ac.kr,이영수(직무대행),02-2128-3096,02-2128-3006
대학,323,서울사이버대학교,본교,사이버대학(대학),서울,사립,고등교육법,신일학원,기존,首尔网络大学 ,Seoul Cyber University,서울특별시 강북구 솔매로49길 60                 ,"60, Solmae-ro 49-gil, Gangbuk-gu, Seoul, Republic of Korea","60, Solmae-ro 49-gil, Gangbuk-gu, Seoul, Republic of Korea",1133,2000.11.30,www.iscu.ac.kr,강인,02-944-5000,02-980-2222
대학,325,세종사이버대학교,본교,사이버대학(대학),서울,사립,고등교육법,대양학원,기존,世宗网络大学,Sejong Cyber University,서울특별시 광진구 군자로 121                    ,"121, Gunja-ro, Gwangjin-gu, Seoul, Republic of Korea","121, Gunja-ro, Gwangjin-gu, Seoul, Republic of Korea",5000,2001.3.1,sjcu.ac.kr/,신구,02-2204-8034,02-2204-8036
대학,326,한국열린사이버대학교,본교,사이버대학(대학),서울,사립,고등교육법,학교법인 열린학원,기존,韩国开放网络大学 (OCU),Open Cyber University Of Korea (OCU),"서울특별시 중랑구 망우로 353, C동 9층           ","353, Mangu-ro, Jungnang-gu, Seoul, Republic of Korea","353, Mangu-ro, Jungnang-gu, Seoul, Republic of Korea",2087,2001.3.1,www.ocu.ac.kr,장일홍,02-2197-4200,02-2197-4114
대학,327,원광디지털대학교,본교,사이버대학(대학),전북,사립,고등교육법,원광학원,기존,圆光网络大学,Wonkwang Digital University,전라북도 익산시 익산대로 460                    ,"460, Iksan-daero, Iksan-si, Jeollabuk-do, Republic of Korea","460, Iksan-daero, Iksan-si, Jeollabuk-do, Republic of Korea",54538,2002.3.1,www.wdu.ac.kr,김윤철,070-5227-3410,063-843-2855
대학,328,고려사이버대학교,본교,사이버대학(대학),서울,사립,고등교육법,고려중앙학원,기존,高丽网络大学,The Cyber University Of Korea,서울특별시 종로구 북촌로 106                    ,"106, Bukchon-ro, Jongno-gu, Seoul, Republic of Korea","106, Bukchon-ro, Jongno-gu, Seoul, Republic of Korea",3051,2001.2.20,www.cuk.edu,김진성,02-6361-2000,02-6361-1800
대학,329,숭실사이버대학교,본교,사이버대학(대학),서울,사립,고등교육법,숭실사이버대학교,기존,崇实网络大学校,Korea Soongsil Cyber University,서울특별시 종로구 삼일대로30길 23               ,"23, Samil-daero 30-gil, Jongno-gu, Seoul, Republic of Korea","23, Samil-daero 30-gil, Jongno-gu, Seoul, Republic of Korea",3132,2000.11.30,www.kcu.ac,한헌수,02-708-7700,02-708-7755
대학,330,디지털서울문화예술대학교,본교,사이버대학(대학),서울,사립,고등교육법,학교법인 서울문화예술대학교,기존,数码首尔文化艺术大学,Digital Seoul Culture Arts University,서울특별시 서대문구 통일로37길 60               ,"60, Tongil-ro 37-gil, Seodaemun-gu, Seoul, Republic of Korea","60, Tongil-ro 37-gil, Seodaemun-gu, Seoul, Republic of Korea",3645,2010.3.1,www.scau.ac.kr,이종찬,02-2287-0353,02-6902-0659
대학,331,한양사이버대학교,본교,사이버대학(대학),서울,사립,고등교육법,한양학원,기존,汉阳网络大学校,Hanyang Cyber University,서울특별시 성동구 왕십리로 220                  ,"220, Wangsimni-ro, Seongdong-gu, Seoul, Republic of Korea","220, Wangsimni-ro, Seongdong-gu, Seoul, Republic of Korea",4763,2002.3.1,www.hycu.ac.kr,이기정,02-2290-0114,02-2290-0600
대학,332,사이버한국외국어대학교,본교,사이버대학(대학),서울,사립,고등교육법,동원육영회,기존,网络韩国外国语大学,Cyber Hankuk University Of Foreign Studies,서울특별시 동대문구 이문로 107                  ,"107, Imun-ro, Dongdaemun-gu, Seoul, Republic of Korea","107, Imun-ro, Dongdaemun-gu, Seoul, Republic of Korea",2450,2004.3.1,www.cufs.ac.kr,장지호,02-2173-2580,02-966-6183
대학,333,화신사이버대학교,본교,사이버대학(대학),부산,사립,고등교육법,화신학원,기존,和信网路大学校 ,Hwashin Cyber University,부산광역시 연제구 고분로191번길 1               ,"1, Gobun-ro 191beon-gil, Yeonje-gu, Busan, Republic of Korea","1, Gobun-ro 191beon-gil, Yeonje-gu, Busan, Republic of Korea",47558,2009.3.1,www.hscu.ac.kr,황주권,1588-5215,051-999-0159
대학,334,글로벌사이버대학교,본교,사이버대학(대학),충남,사립,고등교육법,한문화학원,기존,全球网络大学,Global Cyber University,충청남도 천안시 동남구 목천읍 교천지산길 284-88 ,"284-88, Gyocheonjisan-gil, Mokcheon-eup, Dongnam-gu, Cheonan-si, Chungcheongnam-do, Republic of Korea","284-88, Gyocheonjisan-gil, Mokcheon-eup, Dongnam-gu, Cheonan-si, Chungcheongnam-do, Republic of Korea",31228,2010.3.1,www.global.ac.kr,공병영,1577-1786,041-415-6199
대학,335,건양사이버대학교,본교,사이버대학(대학),대전,사립,고등교육법,학교법인 건양교육재단,기존,建阳网络大学校 ,Konyang Cyber University,대전광역시 서구 관저동로 158                    ,"158, Gwanjeodong-ro, Seo-gu, Daejeon, Republic of Korea","158, Gwanjeodong-ro, Seo-gu, Daejeon, Republic of Korea",35365,2012.3.1,www.kycu.ac.kr,이동진,1899-3330,042-722-0023
대학,374,한국과학기술원,본교,대학교,대전,특별법법인,특별법법인,한국과학기술원,기존,韩国科学技术院,Korea Advanced Institute of Science and Technology(KAIST),대전광역시 유성구 대학로 291                    ,"291, Daehak-ro, Yuseong-gu, Daejeon, Republic of Korea","291, Daehak-ro, Yuseong-gu, Daejeon, Republic of Korea",34141,1971.2.16,www.kaist.ac.kr,이광형,042-350-2114,042-350-2210
대학,381,광주과학기술원,본교,대학교,광주,특별법법인,특별법법인,광주과학기술원,기존,光州科学技术阮,Gwangju Institute Of Science And Technology,광주광역시 북구 첨단과기로 123                  ,"123, Cheomdangwagi-ro, Buk-gu, Gwangju, Republic of Korea","123, Cheomdangwagi-ro, Buk-gu, Gwangju, Republic of Korea",61005,1993.11.17,www.gist.ac.kr,임기철,062-715-2114,062-715-2300
대학,382,대구경북과학기술원,본교,대학교,대구,특별법법인,특별법법인,대구경북과학기술원,기존,大邱庆北科学技术院,DGIST,대구광역시 달성군 현풍면 테크노중앙대로 333     ,"333, Techno jungang-daero, Hyeonpung-eup, Dalseong-gun, Daegu, Republic of Korea","333, Techno jungang-daero, Hyeonpung-eup, Dalseong-gun, Daegu, Republic of Korea",42988,2011.3.2,www.dgist.ac.kr,국양,053-785-0114,053-785-1219
대학,383,한국예술종합학교,본교,각종학교(대학),서울,특별법국립,고등교육법,해당없음,기존,韩国艺术综合学校,Korea National University Of Arts,서울특별시 성북구 화랑로32길 146-37             ,"146-37, Hwarang-ro 32-gil, Seongbuk-gu, Seoul, Republic of Korea","146-37, Hwarang-ro 32-gil, Seongbuk-gu, Seoul, Republic of Korea",2789,1992.10.30,Karts.ac.kr/,김대진,02-746-9067,02-746-9069
대학,2573,경동대학교,제2캠퍼스,대학교,강원,사립,고등교육법,경동대학교,기존,京东大学校,Kyungdong University,강원특별자치도 속초시 도리원길 5                ,"5 Doriwon-gil, Sokcho-si, Gangwon-do","5 Doriwon-gil, Sokcho-si, Gangwon-do",24865,2013.3.1,www.kduniv.ac.kr,전성용,033-632-6551,033-639-0518
대학,2574,경동대학교,제3캠퍼스,대학교,강원,사립,고등교육법,경동대학교,기존,京东大学校,Kyungdong University,강원특별자치도 원주시 문막읍 견훤로 815         ,"815 Gyeonhwon-ro, Munmak-eup, Wonju-si, Gangwon-do","815 Gyeonhwon-ro, Munmak-eup, Wonju-si, Gangwon-do",26495,2013.3.1,www.kduniv.ac.kr,전성용,033-738-1200,033-738-1209
대학,2660,인천대학교,본교,대학교,인천,국립대법인,고등교육법,국립대학법인 인천대학교,기존,仁川大学校,Incheon National University,인천광역시 연수구 아카데미로 119                ,"119, Academy-ro, Yeonsu-gu, Incheon, Republic of Korea","119, Academy-ro, Yeonsu-gu, Incheon, Republic of Korea",22012,1979.3.12,www.inu.ac.kr/,박종태,032-835-8114,032-835-0713
대학,2712,신한대학교,본교,대학교,경기,사립,고등교육법,학교법인 신흥학원,기존,信韩大学校,Shinhan Unvirsity,경기도 동두천시 벌마들로40번길 30               ,"30, Beolmadeul-ro 40beon-gil, Dongducheon-si, Gyeonggi-do, Republic of Korea","30, Beolmadeul-ro 40beon-gil, Dongducheon-si, Gyeonggi-do, Republic of Korea",11340,2014.3.1,www.shinhan.ac.kr/,강성종,031-870-2900,031-870-2939
대학,2726,단국대학교,제2캠퍼스,대학교,충남,사립,고등교육법,단국대학,기존,檀国大学校,Dankook University,충청남도 천안시 동남구 단대로 119               ,"119, Dandae-ro, Dongnam-gu, Cheonan-si, Chungcheongnam-do, Republic of Korea","119, Dandae-ro, Dongnam-gu, Cheonan-si, Chungcheongnam-do, Republic of Korea",31116,1978.3.13,www.dankook.ac.kr,안순철,1899-3700,031-8021-7106
대학,2744,경동대학교,제4캠퍼스,대학교,경기,사립,고등교육법,경동대학교,기존,京东大学校,Kyungdong University,경기도 양주시 경동대학로 27                     ,"27, Gyeongdongdaehak-ro, Yangju-si, Gyeonggi-do, Republic of Korea","27, Gyeongdongdaehak-ro, Yangju-si, Gyeonggi-do, Republic of Korea",11458,2014.3.1,www.kduniv.ac.kr,전성용,031-869-9900,031-869-9909
대학,2748,가야대학교(김해),본교,대학교,경남,사립,고등교육법,대구학원,기존,加耶大学校,Kaya University,경상남도 김해시 삼계로 208                      ,"208, Samgye-ro, Gimhae-si, Gyeongsangnam-do, Republic of Korea","208, Samgye-ro, Gimhae-si, Gyeongsangnam-do, Republic of Korea",50830,1993.3.13,WWW.KAYA.AC.KR,안상근,055-330-1000,055-330-1093
대학,2749,가야대학교(고령),제2캠퍼스,대학교,경북,사립,고등교육법,대구학원,기존,加耶大学校,Kaya University,경상북도 고령군 대가야읍 대가야로 1103          ,"1103, Daegaya-ro, Daegaya-eup, Goryeong-gun, Gyeongsangbuk-do, Republic of Korea","1103, Daegaya-ro, Daegaya-eup, Goryeong-gun, Gyeongsangbuk-do, Republic of Korea",40139,1993.3.13,WWW.KAYA.AC.KR,안상근,055-330-1000,055-331-0983
대학,2800,신한대학교,제2캠퍼스,대학교,경기,사립,고등교육법,학교법인 신흥학원,기존,信韩大学校,Shinhan University,경기도 의정부시 호암로 95                       ,"95, Hoam-ro, Uijeongbu-si, Gyeonggi-do, Republic of Korea","95, Hoam-ro, Uijeongbu-si, Gyeonggi-do, Republic of Korea",11644,2014.3.1,www.shinhan.ac.kr/,강성종,031-870-3114,031-870-3327
대학,2911,을지대학교,제3캠퍼스,대학교,경기,사립,고등교육법,을지학원,기존,乙支大學校,Eulji University,경기도 의정부시 동일로 712                      ,"712, Dongil-ro, Uijeongbu-si, Gyeonggi-do","712, Dongil-ro, Uijeongbu-si, Gyeonggi-do",11759,1967.3.21,www.eulji.ac.kr,홍성희,031-951-3611,031-951-3912
대학,2949,홍익대학교,제2캠퍼스,대학교,세종,사립,고등교육법,홍익학원,기존,弘益大学校,Hongik University,세종특별자치시 조치원읍 세종로 2639             ,"2639, Sejong-ro, Jochiwon-eup, Sejong-si, Republic of Korea","2639, Sejong-ro, Jochiwon-eup, Sejong-si, Republic of Korea",30016,1946.4.25,sejong.hongik.ac.kr,서종욱,044-860-2114,044-860-2238
대학,2959,상명대학교,제2캠퍼스,대학교,충남,사립,고등교육법,상명학원,기존,祥明大学,Sangmyung University,충청남도 천안시 동남구 상명대길 31              ,"31, Sangmyeongdae-gil, Dongnam-gu, Cheonan-si, Chungcheongnam-do, Republic of Korea","31, Sangmyeongdae-gil, Dongnam-gu, Cheonan-si, Chungcheongnam-do, Republic of Korea",31066,1984.10.6,www.smuc.ac.kr,홍성태,041-550-5114,041-550-5032
대학,3022,한국전통문화대학교,본교,대학교,충남,특별법국립,특별법국립,해당없음,기존,韩国传统文化大学,Korea National University Of Cultural Heritage,충청남도 부여군 규암면 백제문로 367             ,"367, Baekjemun-ro, Gyuam-myeon, Buyeo-gun, Chungcheongnam-do, Republic of Korea","367, Baekjemun-ro, Gyuam-myeon, Buyeo-gun, Chungcheongnam-do, Republic of Korea",33115,2000.4.19,www.nuch.ac.kr,강경환,041-830-7114,041-830-7020
대학,3139,한국에너지공과대학교,본교,대학교,전남,특별법법인,특별법법인,학교법인 한국전력공과대학교,기존,韓國能源工程大學,Korea Institute of Energy Technology,전라남도 나주시 켄텍길 21                       ,"21 Kentek-gil, Naju-si, Jeollanam-do ","21 Kentek-gil, Naju-si, Jeollanam-do ",58330,2022.3.2,www.kentech.ac.kr/,윤의준,061-320-9504,061-320-9709
대학,3183,태재대학교,본교,사이버대학(대학),서울,사립,고등교육법,태재학원,신설,泰齋大學校,TAEJAE UNIVERSITY,서울특별시 종로구 창덕궁5길 22-8                ,"22-8 Changdeokgung 5-gil, Jongno-gu, Seoul","22-8 Changdeokgung 5-gil, Jongno-gu, Seoul",3051,2023.9.1,www.taejae.ac.kr,염재호,02-740-1300,02-740-1305